model,episode,success,total_reward,n_steps,stand_reward,small_control,door_openness_reward,door_hatch_openness_reward,hand_hatch_proximity_reward,passage_reward
Baseline,0,0,224.00678614308447,1000,959.069976358726,940.5183432323149,148.78370400984804,409.5650808920981,925.4084558340951,0.2836996448733511
Baseline,1,1,208.9940538858512,487,379.9986395729517,459.944332801526,302.8282473995595,259.96256736696995,389.0547210156012,12.454126750505974
Baseline,2,0,258.2809647485697,1000,846.4218025319095,941.5297398546429,260.41687974283644,298.4003574596314,928.6582589525226,0.13569160058899066
Baseline,3,0,157.88417516395006,403,362.22386128282966,379.81068952759256,217.1799498878176,182.99840756112224,337.1717726383354,0.0
Baseline,4,0,217.22218176824472,839,799.8337954533181,790.1954017641252,162.7412858765865,649.9253427685878,722.9825561692646,0.0
Baseline,5,0,109.3075371664369,318,282.78720578736863,300.085720275801,124.10024939047948,241.1132299440955,293.99652362720866,0.0
Baseline,6,0,149.90716130004787,441,378.1676777979334,416.341958087624,182.45788008427672,244.3913793534019,397.46939824235375,0.0
Baseline,7,0,152.28010790275707,543,505.3598549264913,512.0693984692375,142.5123540382787,308.9692094611395,485.92737193367947,2.1103907011846004
Baseline,8,0,250.7423932401178,832,665.7411245615807,783.685147685297,294.2627375475405,403.8643174747765,707.9791333745474,0.0
Baseline,9,0,158.04658404685094,405,321.66729335531966,382.77470830882004,214.95514645708954,273.69228396421556,344.27977968190805,0.0
Baseline,10,0,207.69342896900463,1000,918.6691941754336,940.2722158884166,126.3924993929691,364.50470668686586,924.3946494815079,0.0
Baseline,11,0,238.88991744663866,1000,886.4779900456108,941.1805901441022,191.83218211135528,459.2685098454002,895.697495386078,3.884661950902207
Baseline,12,0,109.28647517898186,398,371.57456773126154,375.1973279922763,91.18569869346604,294.2067448225118,370.1086253698885,0.0
Baseline,13,0,152.96978861037232,470,454.8194016881706,444.93353890184403,153.16143920791583,380.1020335064882,439.70132340312864,0.0
Baseline,14,0,165.94204768103768,713,618.342739000895,671.4193105743018,127.57121661473171,367.4557004121559,633.7704495726157,0.6379670469320798
Baseline,15,0,236.5615242420099,1000,696.5595470301646,941.8320296661792,244.0443459564189,350.74152280752213,871.8434290799181,0.0
Baseline,16,0,292.12097682463275,985,789.3605890152849,928.6008167700351,338.2594475078849,507.25578688491254,802.7234351238693,0.0
Baseline,17,0,319.2699163323114,1000,877.8806948006494,941.5522333024977,390.6085667692803,351.76630111310584,864.6988334279151,0.0
Baseline,18,0,309.6713845373794,1000,983.2229202717081,942.0361577822954,309.10413752356527,618.0830504242681,940.9163234965537,0.0
Baseline,19,0,117.21407141900139,316,286.24198668548036,298.60380976494116,144.84374010797177,210.77673731177677,288.72136264927434,0.0
Baseline,20,0,181.41894228721017,956,881.8279374623564,900.0315289407704,72.75105128726737,476.46673172463665,833.6827126270855,0.42823702579218914
Baseline,21,0,243.14403933824013,1000,898.6909045921474,941.7647142129662,186.64675928255602,463.33238855780496,816.1885658764053,30.08453624336557
Baseline,22,0,224.30633578868026,717,683.5894971865084,676.3605178396663,234.93364530778788,451.4536551191607,630.3624052588659,0.0
Baseline,23,0,103.52332578936067,277,253.51790618642937,261.8476130551696,125.05963819668439,209.39242215039124,256.2109991749201,0.0
Baseline,24,0,233.35104591467788,515,448.0106606501478,486.08470503610044,350.1317092770892,239.34044699617263,430.3811570926616,0.0
Baseline,25,0,158.37696715933052,416,363.13244642264004,392.76860073345966,206.70768698763084,254.4271581373014,366.87134163402436,0.0
Baseline,26,0,266.85115955504654,1000,822.2300119901626,941.703636073695,296.5747544206761,360.93185792501527,741.755182667742,2.4506535921048034
Baseline,27,0,388.22517783439724,782,677.5094468824542,737.0852453199898,622.4458938697172,259.44394369211597,625.4101243321403,0.0
Baseline,28,0,295.40551512366216,1000,990.4838620826904,944.3064765585442,263.25051197215845,723.120447182755,945.0544488640862,0.0
Baseline,29,0,136.9527722719777,361,330.1361439907761,340.5378290184734,175.72926974972475,205.78315188887527,328.7034985065089,0.0
Baseline,30,0,500.9972040879871,1000,959.6807893129629,941.2416830486865,765.022109878999,269.61936371147004,817.7695941172697,34.37923160495384
Baseline,31,0,183.46726036811862,487,416.5023991666198,459.06698198096973,247.85605237483028,240.41822293814934,412.7578334622512,0.0
Baseline,32,0,155.01650227283804,523,397.03322296699844,493.8703261226171,178.40927506306454,338.3944602726389,406.3417580448789,0.0
Baseline,33,0,508.907105753542,1000,925.283089797006,940.8010335795215,812.902272975134,259.6785365875821,784.6100631988354,10.959224057876963
Baseline,34,0,387.6768136861036,1000,805.2305651894717,942.9064293765853,546.5153925672691,506.34539961262675,807.6805630122477,0.2653036232750817
Baseline,35,0,344.16620560407443,1000,802.3569506719879,941.8065293509674,455.4480131379548,348.3180841443864,923.9080663352336,0.0
Baseline,36,0,114.63050601848428,448,403.5898955650027,422.9856524915063,97.57609320745478,256.762913711537,394.43469408518,0.12455786235524136
Baseline,37,0,184.49313012441135,605,583.3891181288539,570.003643425137,187.1688759111207,352.1369919528252,553.5509778068407,0.041292810326422624
Baseline,38,0,124.3739333879715,324,273.10153536501895,306.2538734542104,161.0780388950333,236.79382892614083,284.45179032796483,0.0
Baseline,39,0,143.23345497852165,363,277.1559662290175,342.7031068266348,199.627903237097,231.8604996585726,312.79142020827084,0.0
Baseline,40,0,150.77224922022938,463,364.4530308236626,436.58995474766755,182.82887017507,284.16734715550206,398.06209937184593,0.0
Baseline,41,0,201.72548844694765,527,461.42428696078366,496.0329447246016,278.64075511916957,229.90993109353244,427.9861151834479,0.0
Baseline,42,0,301.42530037113454,899,855.7911239529578,847.7039226141248,342.1615565875612,545.3148627824819,789.200460317293,0.046352526888498
Baseline,43,0,199.76872313632936,837,564.626687773079,789.0756852955707,204.22588374462794,345.456402511927,747.4305674573177,0.0
Baseline,44,0,310.39642665207066,975,899.3753025883499,920.5261766828764,348.8735138212267,514.3043258324388,855.2109728143536,0.0
Baseline,45,0,243.27844320654017,739,704.7214560818092,697.6803230407966,259.1997566495295,490.7244803380859,708.0705685419028,0.43070559435621036
Baseline,46,0,91.30335113180949,265,249.4314190789982,250.35610985685017,99.89052267862586,205.64284125730202,250.01553938416748,0.0
Baseline,47,0,83.98127190790274,237,207.99094968901895,223.73884683218276,100.2867946786236,179.28097781934326,204.8159240951997,0.0
Baseline,48,0,249.75177730956926,680,375.35421462309864,642.5425818851663,393.94268756089065,302.28726166917176,439.28162888819685,0.0
Baseline,49,0,79.03829259618522,641,464.2813306884497,603.0955101452028,0.27559999309634614,160.34626690165945,480.05276507841324,9.212559226816316
Baseline,50,0,199.17532338256228,1000,988.1331865917729,940.4939293404275,78.11469094305261,510.65537640980403,911.1070024881741,0.0
Baseline,51,0,78.44127327825096,507,444.0376457679408,477.2238370001081,0.6862022893190332,292.07582715962474,417.29845472392446,2.457632253684136
Baseline,52,0,287.8995256387341,1000,849.254460099443,941.6226920035524,337.62205408208075,331.961222275376,785.9347554189296,0.3693491923992972
Baseline,53,0,488.0945405024359,1000,872.5410328296635,941.6775392395164,781.238594803637,308.87860744095536,775.3804917823609,0.4217119871290833
Baseline,54,0,181.17786269275197,641,539.087507972538,603.9222534374726,201.06733778096407,283.6925173930937,513.9594106801097,0.03125856854036857
Baseline,55,0,282.96080583427096,1000,753.8602438942767,942.2993563220598,335.9448171051906,487.8777833727253,725.4452895369586,0.21737537022297293
Baseline,56,0,361.75243427312796,975,792.1723499016958,920.6580265536786,480.7637903569128,558.4343405165696,853.5925119874818,0.0
Baseline,57,0,161.02350871950628,964,634.2270374426197,907.8083765897647,92.91415874062885,307.98964548944195,882.2348974253622,0.0
Baseline,58,0,409.81353933103105,1000,892.5184797687118,941.7127289751044,578.5562737925619,419.85872208912593,888.0525541617495,0.0
Baseline,59,0,142.35052572383404,361,285.8052511743055,340.20675526728667,206.4503341876094,157.6822328122327,292.48721249973397,0.0
Baseline,60,0,113.60875468926841,373,349.9554287441773,351.67246014779477,116.07631410011729,231.1236460184546,336.36599050498955,0.0
Baseline,61,0,301.2514552611771,1000,725.8698228092869,942.3502156909178,384.9695817630794,294.5999745005007,897.4977363827254,0.0
Baseline,62,0,302.31322830479036,1000,924.06848068164,942.7894691622812,316.18326660803956,562.9991402048852,894.9451958836271,0.0
Baseline,63,0,233.4157002443836,1000,861.7511312378964,940.7756146414881,196.63318507571483,390.134305316375,883.2571400098587,0.48740560861165927
Baseline,64,0,308.6946595137601,1000,902.0834417596641,941.297705240661,348.958881942487,484.4486735953005,850.2969360657236,0.0
Baseline,65,0,91.96870786257259,260,237.2591469525954,245.4400873287024,108.52973133791642,179.37926552133766,233.13854293766462,0.2727482952698551
Baseline,66,0,261.3064611283998,1000,887.1996924619136,941.9064510661332,242.44361446229345,488.83596695241675,883.7677933089142,0.0
Baseline,67,0,268.45370853734414,1000,575.4599704386293,942.5002934618192,348.3768874920393,331.89395579209275,816.7684154018672,0.0
Baseline,68,0,227.76619631190133,1000,956.1310580904611,941.220930353743,151.6502143298458,506.13413796904086,817.1879299158652,9.579856096662738
Baseline,69,0,134.77072941918723,411,377.78874329869274,388.66233282508415,141.06810657885796,332.43820844667295,375.8643866335114,0.36255409887740964
Baseline,70,0,84.8785320274782,235,218.46874248135285,221.87704633260253,99.20400332613457,172.76949242806776,219.32676804931907,0.0
Baseline,71,0,183.1660695394815,1000,891.628958170278,940.444949069168,42.55398541751911,772.1737301622603,830.814935912095,0.0
Baseline,72,0,183.29955355260188,730,663.4234854994711,688.1880011302911,138.41563132240105,520.9418298331299,639.0476980603827,1.2983252406247883
Baseline,73,0,284.6856694741534,951,849.3002720874448,896.6282458268709,303.47968139327855,513.8709131490544,846.8213555137521,0.0
Baseline,74,0,218.53564327905175,1000,637.1801354956937,941.6517133003819,217.8905309600597,347.4598823409241,861.8103230023668,0.0
Baseline,75,0,190.5810919195178,678,588.6424995595808,639.1333961266809,208.43605264984603,350.6782929326187,474.8198954797397,0.0
Baseline,76,0,129.49138681878946,351,282.8544738602048,331.0634445202091,171.7772328644679,205.76554566070038,304.67223629563006,0.0
Baseline,77,0,426.8647773927175,1000,835.8582914112201,941.7252677826981,645.7819547947475,316.6564824410803,832.4529686881101,0.28131866981026055
Baseline,78,0,298.61006948829476,1000,807.3575779804845,941.7134116816483,359.27321027848706,440.1039266851803,777.3567281971187,0.0
Baseline,79,0,111.98140201126942,340,312.5367051393473,321.21549715181203,120.45103316825096,243.91002452437496,320.91953592505297,0.0
Baseline,80,0,260.81178971593795,861,598.859757775955,811.6855196784688,325.960354926005,409.48654553679415,743.3207450649169,0.0
Baseline,81,0,149.42073696943643,445,406.56770255027476,420.903875755104,157.6678680366971,376.81044863520583,419.8718450703132,0.4529006958395343
Baseline,82,0,367.6508228801886,1000,930.9508516757403,941.6216133506006,458.3378875803535,577.3633444561202,897.1328878154685,0.0
Baseline,83,0,349.7270601001758,1000,926.6421028972736,942.9138828268591,422.5072836318771,540.7078949796319,901.0098745232192,0.36418333945877457
Baseline,84,0,214.8295261062258,1000,937.2526250719558,940.5150293082957,105.42368330538498,675.1082401412115,903.861560012452,0.7958937195325334
Baseline,85,0,143.66019217228447,467,327.140126421176,440.3442608540431,181.2092731002684,250.75974769454365,374.5411881228196,0.0
Baseline,86,0,262.5532034749165,1000,965.2005372593147,941.6649588361576,222.51751113807978,566.8262419702222,863.2699922578655,0.04664731269821887
Baseline,87,0,271.653420157149,1000,893.9828858302417,942.3550643934759,272.55414601159947,503.550748220652,791.486386890119,0.0
Baseline,88,0,199.27081643126974,863,714.3286855724793,812.2486914514479,166.5574389810866,372.0829258567381,756.1640307946994,1.8884504894887364
Baseline,89,0,273.322377808012,1000,865.7940714101939,942.179877513169,282.3899821596887,457.40519695912235,832.2827598020763,0.48225439783209956
Baseline,90,0,325.5016259832056,959,915.2229573099834,903.9821929946448,384.257709385088,487.4115264129907,838.6480595431915,0.0
Baseline,91,0,144.54769302030752,454,419.9029258217016,429.3539428558477,147.42842803819718,349.69924320529816,419.77885688003016,0.0
Baseline,92,0,160.74133802972062,610,556.4951030762387,575.252002738493,132.8710791845969,395.3971194174084,571.7680785762377,0.2950912576310972
Baseline,93,0,370.5655725141956,1000,931.4832619222899,941.9608372519508,474.73917590719117,513.8104633079472,869.5182700385403,0.0
Baseline,94,0,275.4560916822253,1000,903.9393789942517,941.4408325950258,292.9044338097682,375.48472147227733,795.6014209277281,0.0005417850089347587
Baseline,95,0,262.76000702490245,1000,810.9960261865872,942.3874358948854,260.89679176053215,475.9270833236499,902.0224151563524,0.0
Baseline,96,0,150.21884080504486,418,390.9120721938258,394.3304818539709,184.55857288893216,240.348018875725,365.4765575065334,0.0
Baseline,97,0,268.6879220539632,1000,849.3822249745651,942.8391608956803,269.5210554802109,594.0690566677381,752.0087660622504,0.0
Baseline,98,0,111.67822193196213,342,315.33357441412437,323.900710543615,112.31542765333337,297.9393575706393,327.1484023142728,0.0
Baseline,99,0,248.8910753355829,643,570.224586865406,606.1891967221148,340.6162726797927,308.4282372375348,528.5979961293349,0.0
Baseline,100,0,496.79590823398064,1000,929.6757186902332,940.3435585914323,779.378486566117,284.8787901423231,868.0091410413581,2.8791508890786153
Baseline,101,0,185.0194737303416,445,412.4452369364762,420.40225735694037,245.8455853557121,300.3821651867802,407.92458440397917,0.0
Baseline,102,0,494.5098814948273,1000,878.101335829925,941.6578338147345,799.8921436802831,262.33464501879934,757.2843424161316,2.5392762343436113
Baseline,103,0,151.58014875477468,502,421.9359425069085,473.8330624152218,169.63882488946976,274.4532196957552,416.5717207036547,2.5096015790770885
Baseline,104,1,234.94618734778788,746,596.8421067970953,703.3773715779136,283.76170749357755,323.6158261086241,635.7898702565545,8.544296125349634
Baseline,105,0,202.3835021357803,1000,846.4199140268217,940.2241048512537,123.19966989118727,427.572674803565,887.6290760138128,4.574271887679385
Baseline,106,0,146.3147873809469,375,272.857891827324,354.8251928211962,208.73450639197645,234.6870210583571,296.3711874639412,0.0
Baseline,107,0,311.74002005161793,1000,899.9600183067358,943.3350823328947,351.58523052079454,508.7352264782091,862.5944644328519,0.24076801683044813
Baseline,108,0,242.31940765714748,676,608.5809656700169,637.5166788658206,320.196702855466,269.39865651984536,545.8829047708606,0.1954533688743495
Baseline,109,0,366.93620938938807,1000,884.2027205722676,942.1630293874318,487.39948448650154,487.8943003330997,797.481085587034,0.0
Baseline,110,0,111.86702606567594,322,268.0702990591358,303.63975876230734,139.71308632158554,194.6547835999799,279.3722190109172,0.0
Baseline,111,0,109.61713619502629,308,282.22087469488565,290.98368618063023,124.13027611855014,250.54597823086115,291.1382477187495,0.0
Baseline,112,0,280.31768070630835,1000,886.9022281076468,942.292275301882,264.30750347945826,708.7848942937804,847.4202815990245,0.0
Baseline,113,0,392.5963628668938,1000,970.0495186383425,941.3399116168337,535.2063827163139,333.7185657959184,874.9561187748028,0.0
Baseline,114,0,276.9572504459467,1000,887.3342322959036,941.6417317232385,281.52434981437636,488.4290863707137,845.0944602146518,0.014508801616563982
Baseline,115,0,155.8046204736144,391,273.72573946332705,369.51797956347934,227.02685223768867,257.07935843900407,298.46105672219625,0.0
Baseline,116,0,222.90108181236832,826,716.375882545292,778.199213532118,228.74132834875024,347.1053822693892,699.61654982908,0.420382104596544
Baseline,117,0,155.70136996821458,1000,871.0862864963361,940.4448163229822,21.589886632139926,388.0911274640661,869.0355354033169,3.4481360327530646
Baseline,118,0,125.93398793991828,366,336.00575510498544,346.19671859263013,142.03646634340885,270.419995422593,333.9953462076346,0.0
Baseline,119,0,205.5903504547594,478,441.4480116656545,450.7385848567115,296.2369646336814,202.32156588779083,410.65463982808524,0.0
Baseline,120,0,384.22351315930075,1000,782.0725921107979,941.6794231087781,552.2528006668099,387.0665176247344,853.5162014368324,0.0
Baseline,121,0,328.37024302681397,1000,809.9429952572418,942.6132031845993,434.3942109801147,367.8232821809369,755.4276855242042,1.044233851270316
Baseline,122,0,344.6169299095949,1000,933.958511978495,941.9851772901202,420.2398403683538,503.6077139283076,843.849213926778,0.4207147254150968
Baseline,123,0,90.23472395333106,267,242.61493107471463,252.17440042691075,99.53750059920341,203.29947211933657,247.18945959582618,0.0
Baseline,124,0,105.96115992242247,289,271.65562542246744,272.90829272170714,124.89324498889576,215.7553783489339,266.35581452807446,0.0
Baseline,125,0,148.53685922325576,541,399.1021778638711,509.27399299117474,170.14145719663097,239.05350093060093,449.35306848822734,0.0
Baseline,126,0,173.0512481652422,1000,949.446474624855,940.1198473312124,63.80658544878867,269.0033377253871,830.051665943352,0.35285760874007244
Baseline,127,0,244.622458125392,626,598.7078446041128,590.3404493054302,324.67284772246495,295.4220954672141,545.7221406334719,0.0
Baseline,128,0,346.5657290652219,1000,937.0095505489443,941.4883100999867,416.96526596245417,519.1013626819821,894.9923703437458,0.0
Baseline,129,0,358.9412884772424,949,877.4561794050446,894.5394635067975,477.70148772380486,400.73920354109885,824.3314665374443,0.0
Baseline,130,0,155.67869049026834,542,484.13781136153546,510.4003610671626,167.70093848445873,241.83618609218883,448.2698371104782,0.353311744455706
Baseline,131,0,87.17866713965444,250,229.57433860673072,236.13960112263598,99.18553653107674,187.76324524523568,229.37136036440324,0.0
Baseline,132,0,248.5927355135545,1000,891.2637677772562,943.6575521479243,210.52121969616925,514.0488685545095,845.1055003992411,5.066773191592526
Baseline,133,0,97.491144317141,269,242.64657067308852,253.85872220935653,116.57746871912339,192.37942625659952,250.16846950553332,0.0
Baseline,134,0,149.80239884012022,503,478.1509833481853,475.34445743719976,142.5394184862482,331.42393327111483,457.00903454647727,2.991863857722511
Baseline,135,0,256.55664737812754,1000,864.9303898330303,941.1670460850885,263.723555903625,287.423955584211,768.2589739554397,10.547490323798032
Baseline,136,0,165.95986446072342,410,289.9985380360936,386.94229989380807,244.1047212038935,205.68485102662544,369.2080783915766,0.0
Baseline,137,0,94.2731062890297,251,228.35061254772458,237.40197202352155,114.3740524111016,188.38546300864877,235.4471461536317,0.0
Baseline,138,0,74.5724843308401,484,335.92793815015426,455.86174488025296,32.64721140427785,146.22982898786617,418.5680655412736,0.0
Baseline,139,0,149.56424291821202,423,354.6166193080307,399.63551449758273,184.459256067824,300.07334409889216,360.93699991137055,0.0
Baseline,140,0,271.1685032653156,1000,868.9301649755063,940.4904852303486,280.02813099222516,394.3150725462922,874.3937206027008,0.0
Baseline,141,0,302.8572049592088,1000,913.2051523211798,943.4342774499063,303.1876087208693,672.8336227967637,932.234916721953,0.0013501268486902918
Baseline,142,0,263.21104799223787,1000,826.3462227351333,942.121007485867,294.6044527254212,281.7059565799113,772.6072696956364,0.2141062395777391
Baseline,143,0,198.86062719160932,558,288.5077516391654,526.8103970553067,308.90371243518825,227.47888347344875,424.75249142375736,0.0
Baseline,144,0,223.42731690691463,643,540.2377317566553,606.7376806188345,270.60752303458594,442.4882086154084,569.1460582127579,0.21177360734490724
Baseline,145,0,302.05160017826944,1000,981.4530789696631,942.3091350393555,313.71872363712254,518.1564081656973,849.6325909092793,0.0
Baseline,146,0,213.24994474388,532,379.2279949370707,503.45202869537604,310.4554136965097,330.6911743663429,421.8646255060218,0.0
Baseline,147,0,114.69100824708354,379,347.5218114045805,357.9788114281478,111.47057079248941,280.7956844725941,353.0353377464167,0.0017938495973861546
Baseline,148,0,495.3930611281047,1000,936.7164543431024,942.0277398139253,751.4444988963362,430.37939573071924,949.4080611590772,0.0
Baseline,149,0,372.33733737991963,1000,897.2942505198909,942.2757494891678,499.3913407249759,391.1774798699955,870.3097956419654,0.0
Baseline,150,0,92.30788480243645,249,227.03423615915625,235.01886811343795,112.29915633775741,179.20638283605354,227.5016440064432,0.0
Baseline,151,0,476.7650152580786,1000,878.5714910695514,941.7535457061981,713.0914875112013,354.44943305919594,793.3026004125182,44.935246078524635
Baseline,152,0,332.5197019435265,1000,917.8390558928805,941.1471004048262,398.99421578613,461.8056729565663,869.3073345063327,0.05953244090220522
Baseline,153,0,263.648746611551,1000,892.1491891712807,940.7630485927828,244.56422483332898,449.69202982809094,943.2025151535051,0.0
Baseline,154,0,359.46180389299985,1000,882.7784361091918,942.4347490422148,462.7090910700179,534.3715443664399,826.0601809873189,0.0
Baseline,155,0,178.17029076499364,1000,894.343356157774,940.6261332874011,36.32433136022742,627.3785578223254,924.7734373859814,0.2780977693603791
Baseline,156,0,366.1983866161061,1000,903.5339591388943,943.2539736564718,461.5871546399308,548.4976394846722,915.9204635805273,0.0
Baseline,157,0,237.58396625588443,683,493.25369677188553,643.4180004336914,326.07680944270436,260.4509786721993,626.9989096237615,0.0
Baseline,158,0,297.4092730460713,1000,782.9181668808358,941.8727196776176,345.38269635968976,427.9043415445563,936.516245649844,0.0
Baseline,159,0,501.4317735725111,1000,974.4048033554548,941.4817498223274,770.6023341752599,318.5524300026866,860.505275955193,11.33046726831428
Baseline,160,0,232.80146871988677,1000,930.0374435071615,941.7128232759051,191.32359019016647,319.2821012615529,784.0624748016816,11.260766672140392
Baseline,161,0,188.92562218259323,506,320.3673009409169,478.10161741343165,283.426467502115,266.1076018593299,355.48326988928636,0.0
Baseline,162,0,77.1334494610601,453,425.38010770954,424.82109709883156,0.4334093344723814,363.6758686579446,377.2501267286207,0.0
Baseline,163,0,246.1407372162773,1000,984.1458576227374,943.2736990022418,184.94840952792035,547.7199297245493,848.2824000744595,0.7883453656274106
Baseline,164,0,205.03389492804442,818,633.8531146167867,770.3525996933439,212.4293822617362,286.30028857635307,708.2319705113388,0.0
Baseline,165,0,384.56633844025606,1000,934.3463602748284,943.1962094945864,495.67913434905165,542.6334446095982,924.8028897601042,0.0
Baseline,166,0,51.83818057584115,220,212.6872756197287,207.2786342480028,29.58890868641255,165.54366326401353,204.1193171470505,0.0
Baseline,167,0,377.1757525087531,1000,984.3998295585593,941.7595472078348,489.8642976475068,402.75519572009534,877.8316452741931,0.0
Baseline,168,0,202.1073920593909,876,606.0732782860529,825.9295431212548,201.2209943460514,314.7159939040539,770.2314204146377,0.39808416840055805
Baseline,169,0,535.9600343713661,1000,925.1066685445418,940.9014948838619,857.2774017353005,329.1587895675491,933.4148971981724,0.0
Baseline,170,0,295.84197618395694,1000,854.8077419829333,942.4399149579791,336.7367783126544,499.16952930800596,775.187838886803,0.0
Baseline,171,0,155.1370472448153,484,278.06036808534674,457.0627125204404,231.5407067459987,208.7613605897539,284.529155162337,0.0
Baseline,172,1,529.1193806088768,1000,965.889906464891,942.1611073800841,675.8311594202153,317.6994009088907,818.2667155588177,220.51523563793035
Baseline,173,0,220.7192421888478,758,683.2188632038474,714.5877411214279,218.77776321890192,460.33438341192505,675.2446024834129,3.044522040131893
Baseline,174,0,271.0172054403952,1000,831.6057231779753,940.2025221685982,291.49666348811616,309.6805903980119,923.5877029156777,0.0
Baseline,175,0,144.3892706440158,1000,768.4417548588423,941.023239064543,3.0320935393093964,527.2524076908905,861.1417600329631,3.7898489436649023
Baseline,176,0,342.93089383602677,1000,858.6829589772375,942.4401010306229,423.99844115046966,554.21654643941,869.1783829050164,0.0
Baseline,177,0,114.85532077663262,313,285.8984138378206,296.0477142060246,138.51214063657147,220.86934492604908,288.5142893530637,0.0
Baseline,178,0,164.56789663263862,1000,866.4925103522413,940.1873967684869,31.555263356937655,425.42900518424136,941.9158574246932,1.5043278849626223
Baseline,179,0,330.9784056481144,1000,885.2966007124686,941.4467070003543,405.4440352615791,386.0558110459899,888.3867664327188,4.129833031491199
Baseline,180,0,201.69949453899,580,422.2920170643859,548.327431614263,268.66411633495375,346.5923234286277,470.52890262477507,0.0
Baseline,181,0,512.5667902719443,1000,952.0757495345317,940.8236130604284,788.7802490959855,275.1243871218253,818.8152932932064,38.103063312206594
Baseline,182,0,75.3529696105671,220,206.26627535065026,207.70692131605173,84.79095459835602,153.05544235284376,201.28862787811428,0.0
Baseline,183,0,210.3310698857948,1000,966.4510348572041,941.2997065984047,94.43227547315558,502.09049786930285,851.0855183928581,26.283122691091805
Baseline,184,0,315.3294941832315,1000,933.7426729639096,941.5139466599594,355.85835559386857,474.69645704041835,870.8099110729121,0.0
Baseline,185,0,178.20222436384208,645,515.6318388956765,607.967760124158,196.16304843189147,270.8629367948789,555.7416217097385,0.0
Baseline,186,0,116.46369496950103,317,286.2546819256115,300.1824755338028,139.04356170191346,251.74059831677954,283.7679341918951,0.0
Baseline,187,0,346.62527076452955,1000,858.1627831805774,942.4581141395527,447.30662347041545,406.33542258994987,882.8167145703827,0.0
Baseline,188,0,203.58286841508445,577,398.9785450224659,545.4135895852739,293.57756102150614,259.9476464122877,415.0446221607982,0.0
Baseline,189,0,174.97250292211183,672,633.2843405248562,633.9292330335577,136.20217277004645,447.17511862763297,631.3619172243647,0.0
Baseline,190,0,115.88194762857297,302,277.5748563992366,285.3877825065469,143.71995189327038,218.42745001216164,280.8908016773699,0.0
Baseline,191,0,171.1072980152419,623,582.7286146993833,588.0292618076347,135.16805283209317,505.18308852986576,599.0558302677315,0.16227003067622292
Baseline,192,0,168.0233167607577,517,478.5400407926716,487.3855258473295,190.6260222545552,295.6408113706009,446.8151819301277,0.0
Baseline,193,0,187.43366068986043,1000,934.2118793784094,940.9622296766706,54.78483985235856,680.4986714443861,816.7334393043577,0.0
Baseline,194,0,315.43144409162886,925,735.5804342457883,871.9028744143255,418.0955304229536,441.87392061697227,716.9606449205528,0.0
Baseline,195,0,258.4842731070996,1000,890.6635640758572,940.5580601238031,239.1039638556988,428.5617144605885,909.4875496745691,0.6382761556508234
Baseline,196,0,222.01516016557673,1000,808.1945064962352,943.1260694048525,188.13062233715107,316.19615179280106,791.5664828453588,16.387097426716004
Baseline,197,0,386.72849630659977,1000,699.1336652170887,943.1558175757498,573.730352531081,395.8886074033664,856.2568687374361,0.0
Baseline,198,0,349.18711942798956,1000,887.7158949573887,941.4064935710015,455.18966697251307,318.63770187911405,896.6593673750914,0.0
Baseline,199,0,248.4519725426984,713,649.1627190693397,672.1260091454952,299.4122147407373,428.13920127627625,621.9894168375837,0.0
Baseline,200,0,142.8237096329198,1000,846.2803960017934,940.7571792748686,0.20482435987203804,402.14221931142174,860.473085100165,0.0
Baseline,201,0,468.3217613144908,1000,983.8383647241079,940.1093355065184,697.2913510567095,267.3297361114335,835.0423332744643,19.800743844992034
Baseline,202,0,175.85167599210854,426,375.5513282382358,402.4834385870539,243.07804565614788,250.33483314720814,369.20585976702046,0.0
Baseline,203,0,95.5126754659023,286,259.3331455841542,269.7351004281368,108.84634261285079,183.33384261683844,258.0595768752785,0.0
Baseline,204,0,228.3981786788822,599,548.7133141520967,565.3701653183819,295.34300179891335,328.38915758226955,545.4807712665859,0.0
Baseline,205,0,213.9544706184314,1000,843.8459264969599,941.8627242920285,144.01917696840334,505.6092559640864,887.4311992978801,0.0
Baseline,206,0,262.30527080046795,630,406.6781119603825,594.641946962682,417.7585894675043,277.6183246610046,441.00651138725544,0.0
Baseline,207,0,388.04005251700227,1000,986.9270340886893,941.7868276626241,507.62998238739135,439.9744299643219,893.1922849789951,0.0
Baseline,208,0,349.84584323689313,999,857.1480270844792,939.961623281737,469.28332778616806,333.0400042810841,827.5916929208257,0.0
Baseline,209,0,230.3945309844836,1000,869.8657411821013,943.2648367098494,190.44400143661682,348.01705028994706,737.9096753736663,23.77687158781389
Baseline,210,0,318.5847124770352,1000,990.2817458681039,943.7734892976438,317.64370091009437,697.8785654261233,945.7737287412571,0.0
Baseline,211,0,189.5108251085248,514,368.47341606299875,484.15608777534146,272.80730485362295,214.73341843690613,426.0542654613799,0.0
Baseline,212,0,186.51975816049628,465,339.6137961201453,439.23087348128394,272.24813349054386,240.24388152248042,397.51415874095795,0.0
Baseline,213,0,290.2667604525438,1000,792.4614575180403,944.1539885412615,333.5797277665797,553.0790888533237,753.2917718795791,0.0
Baseline,214,0,129.61689935151836,427,400.35855837867774,403.5746842653364,121.73984589993306,339.6041067127152,400.24521692761857,0.0
Baseline,215,0,266.3580438218422,1000,878.8444137090063,941.2372075184063,268.0627347797429,363.8440245950558,895.8231649902864,0.0603283095838264
Baseline,216,0,226.4771736369149,1000,839.5784230519937,940.7060715767091,179.1103634452798,440.1215753150484,894.8168947686423,0.417381057166747
Baseline,217,0,234.10994286609062,1000,927.4049592638423,941.2111996532687,170.3985658727678,510.75283977691737,891.8880935437362,0.0
Baseline,218,0,128.50137234570636,332,274.7587015147068,313.6059006744438,174.12753824666905,199.40286017973642,284.3226885989307,0.0
Baseline,219,0,307.8088172855627,863,776.0471412670528,813.0056683289512,382.0526858849669,455.49476468389486,799.798993804435,0.0
Baseline,220,0,123.16285892283972,360,259.28856225904786,339.91153478244865,170.31939312656067,189.0325250483896,251.46047852838706,0.0
Baseline,221,0,289.4419006029274,1000,937.9556744242146,942.3655757106243,292.29877031607583,533.8064495547954,854.7554576872926,0.20489718881998054
Baseline,222,0,151.9050957276721,455,387.5049524701375,430.86020756737116,171.1065230174753,349.0913475298074,414.67284510291785,0.0
Baseline,223,0,106.847396282249,294,271.8548537239774,277.6483387807981,123.8140936254119,237.7955622617705,271.152757495067,0.0
Baseline,224,0,154.85390835199445,415,326.34552587895826,392.31678991128655,208.8757525431269,265.8515065373012,334.4196233805166,0.0
Baseline,225,0,410.2288191667697,1000,899.3893036349501,941.8815028930892,591.6294460050356,339.6063570419863,845.6691591824131,0.0
Baseline,226,0,470.3120555163788,1000,973.0126093895088,941.635151188444,701.8422200591235,345.3644719309317,911.7351590994028,0.0
Baseline,227,0,135.98385126828018,360,324.7059717501226,340.20577318803697,165.42480357249354,290.6193136720234,326.28746401415196,0.0
Baseline,228,0,292.5452366699747,1000,852.0591686898479,941.7011241982497,332.6771229688768,395.6424891777357,856.1129670468232,0.0
Baseline,229,0,288.35365755125935,775,655.7035673970025,730.4400728081363,381.6398010152847,420.34065440924167,675.573971270162,0.0
Baseline,230,0,239.47852845441375,1000,873.5417010860028,942.5813202495995,214.73614193051787,352.5219510229212,848.5070596908052,1.2859553158182355
Baseline,231,0,209.33174143151072,522,480.19009151220405,492.3633492812895,283.21126287913677,261.3157787948653,470.60879807852,0.0
Baseline,232,0,231.47870812562508,631,599.8864387979647,594.6815402596708,279.7307183246627,410.71164823160063,570.5151492066415,0.0
Baseline,233,0,164.78499188770408,418,286.7350872881717,395.72212155751816,238.74277128982703,272.0209077922906,331.6357410907563,0.0
Baseline,234,0,424.8963101675788,1000,981.2261635192451,942.0576738235019,594.3934008616208,400.4895301176508,885.6905884530222,1.9139356138737837
Baseline,235,0,100.73645238896665,283,247.04678936996135,267.30001777172623,123.19489642614548,197.1078277681853,241.8302915335183,0.0
Baseline,236,0,104.91990810602557,311,286.2716432382357,294.2195860138814,110.57614634021465,264.7407494176172,296.46286169144275,0.0
Baseline,237,0,300.54023951777094,940,785.1556155445454,884.5217934933793,377.0534843908595,367.12915126520164,772.2516652207644,0.0
Baseline,238,0,270.365407077774,719,632.368939689427,677.2784732905228,369.93954633437255,306.3083227790622,580.0273293293419,0.0
Baseline,239,0,20.970012046911478,186,128.09778584399967,175.26153365541177,0.051714591196173304,74.69544113893771,102.31222157921353,0.15094633056866458
Baseline,240,0,246.28620988753937,1000,951.3580286682859,941.6811662412792,171.64470814384916,739.3208667776754,849.5413950483058,0.0
Baseline,241,0,121.4730466860016,388,361.0593891227346,366.2692391807117,124.94390531242735,257.8006642277581,365.3146264070245,0.0
Baseline,242,0,333.92868442832446,1000,948.6813719878616,942.0465190257963,404.6078053277723,385.60840178372354,863.7479894912611,0.0
Baseline,243,0,121.99008610285875,337,289.08789764975506,318.31081108215204,146.1776642590005,264.1807394537057,313.4987984107327,0.0
Baseline,244,0,164.2063600245415,659,384.88030973412424,623.2736008860284,202.7681217317998,284.0742737405829,447.4477839568999,0.0
Baseline,245,0,196.87579744671137,576,485.85759369716146,543.0565514918931,251.95590186236842,279.519849335982,474.155812649777,0.0
Baseline,246,0,196.297735346115,677,577.5645201503328,636.8495108452267,218.2286604577866,282.17008060323695,590.943163319628,0.27581067210347443
Baseline,247,0,113.3956282932418,317,279.7463947932524,299.2430740042074,139.05360730818398,209.8970738165337,278.3656436812382,0.0
Baseline,248,0,501.76482018195253,994,840.1789361414803,935.7575519295603,807.0340212265925,330.21780496013935,832.7569050731693,3.7828083150456417
Baseline,249,0,159.15739141814356,391,275.8342375672449,369.5491515064339,237.2082465720298,220.54982434251548,306.40739143827255,0.0
PPO,0,0,7.4713134531206435,60,37.19154172234884,56.10305305634803,1.2732405078217657e-07,7.599781820232198,42.42581973076705,4.263121898635478
PPO,1,0,10.799734968236445,107,77.34738905090492,100.05440269625494,0.006556511148675904,10.710742513636244,60.58272811579842,0.0
PPO,2,0,15.439224949254827,103,57.583557248626654,96.41138065302454,0.007976620056933923,10.34166959829553,79.40147488007658,15.885670402952417
PPO,3,0,6.386265016495309,50,38.76234995258158,46.71462758708601,0.00689414188673577,5.031506821570444,35.617417585978615,2.0884927607682533
PPO,4,0,21.63875158284682,122,93.8057290851213,114.11738755223733,0.006430699190179161,21.44641641883548,103.48717080688216,18.900105546924074
PPO,5,0,33.967429671825975,179,121.71377767868141,167.58248716252035,0.007091757627289585,44.16222402048631,146.74243790693134,37.21090816270415
PPO,6,0,10.069088889241725,74,41.03616801147756,69.28008285101457,0.006870330519899114,7.413900075780168,52.88324024183607,9.173367229080291
PPO,7,0,75.61698539266536,422,302.93663693442096,395.03134080021,0.0026624375233967037,65.93516694148661,322.41833336360764,79.5596017270753
PPO,8,0,7.857370310962361,67,48.78994784338572,62.74676265256151,0.005712111633832003,6.715778875591988,50.19361643718392,1.2625786405521602
PPO,9,0,5.787883220926405,62,37.83048670796922,57.965646112619865,-4.4584014280561686e-07,6.238941178047206,38.79830662496035,0.0
PPO,10,0,25.089295058204502,144,85.71532145293496,134.8464138614814,0.0020619606103580855,21.739550076387573,120.66876591613224,28.405133334934494
PPO,11,0,6.36455404703338,53,35.812686396540585,49.54611815374089,0.0005197032335525001,5.334670375548594,34.85730367906028,2.8758231638708467
PPO,12,0,39.633580412341935,206,157.5638397256438,192.74620780383967,0.012091295173175197,26.064066726819814,159.7321716424637,44.56842373629638
PPO,13,0,32.75047272470125,197,121.78490982349412,184.5333343935639,0.00031783601179311737,25.444563222370686,140.085661425402,37.351510815344575
PPO,14,0,33.82115822860148,188,124.87482891433258,175.86785303562866,0.005655078550150497,21.118764163084556,159.6032583037999,37.44158574185483
PPO,15,0,25.330367286061325,181,156.5328966680583,169.20548669573765,0.008013927952278253,18.297492009625937,115.9358005608531,11.377908268718517
PPO,16,0,14.8373927368659,102,80.50736904964101,95.46273203805609,0.0002837192421106143,13.729590077923621,73.77357966131716,8.3607207590228
PPO,17,0,39.91368205993816,195,151.28387824945494,182.69045435968258,0.001739507339611117,39.787566124890674,168.28864913290002,43.81121634931605
PPO,18,0,20.12650279320006,133,69.3489891892375,124.46751060063,0.007165710233088568,57.848554290273846,91.15475776654777,17.66562120804517
PPO,19,0,4.384895067430268,36,30.008522802585254,33.65708662992256,0.0027105320234040256,3.6793777232868274,27.8809067625227,0.0
PPO,20,0,20.65626463678972,119,82.55196518130144,111.37709985307343,0.00300563813554572,27.076150662501888,95.85350586177798,19.37980016598445
PPO,21,0,40.150496918434435,225,173.6536004911976,210.4286189692864,0.009169730494201696,41.09275621393327,165.7790251059676,38.752358576653464
PPO,22,0,13.250847109110325,111,87.79941653948072,103.77482319519505,0.009228167228665325,11.130528061068418,75.63665704964535,1.9998609447385127
PPO,23,0,10.097923573865671,73,41.31003626940713,68.30899030385291,7.094952806452183e-05,7.428313479755796,57.578916749147794,8.518938507550153
PPO,24,0,17.127579339898166,107,70.95451650394752,100.15440667697699,0.007895075527285762,34.49386260160841,76.95339795469769,14.035304488051317
PPO,25,0,7.809970820135451,59,33.11644195904588,55.24145438328924,5.9533292824960806e-05,9.552981639552653,47.79012773636727,5.256745815273074
PPO,26,0,16.539322607200134,103,63.919719780055786,96.43359308085488,0.0016113253344044324,23.242327822429093,84.45177293853604,14.770634450119324
PPO,27,0,13.711876701270967,93,54.92750119801802,87.00173564892357,0.0066210241079212645,26.37165459076676,72.76852891630465,10.32751112552216
PPO,28,0,29.244107673349493,157,106.28888544344862,146.934449541823,0.0015639832111634863,46.84030208829929,130.21943151437367,29.84251900445241
PPO,29,0,19.268588787278908,108,76.50915042852024,101.11622247133408,0.00010460429446568421,23.823697933652685,85.27894411769456,19.003398030170846
PPO,30,0,10.771687132302928,75,53.1683891136626,70.22517025968105,0.007201844893512214,19.232206784107852,57.964023603358626,5.522154526188448
PPO,31,0,9.0229347141136,73,49.8345083634423,68.29250912882986,0.00017462717893494548,7.316261892529977,44.67988643949851,5.033253921704651
PPO,32,0,13.828279292200811,92,70.2240242733095,86.03333283024944,0.0005344495534519046,9.239474862076046,61.39236584133761,10.655227681432814
PPO,33,0,8.192778733164046,64,37.474564084968755,59.941761713455705,0.001428189784752818,6.414469342087901,46.70194197670568,5.790023321211512
PPO,34,0,54.11957972347176,249,207.4232530878099,233.09274155216758,5.3702092850789654e-05,76.68444042357311,215.59989279168607,57.4048310769258
PPO,35,0,29.321360516908033,163,115.19480115418786,152.62727110215383,0.00594794601815912,27.449496978747444,131.33552904164043,30.27647607253649
PPO,36,0,8.230409072708737,69,41.18161746456597,64.54164057184234,0.00676729208854768,6.909262782812627,46.68105147149564,4.85416778342459
PPO,37,0,10.491594843386457,85,63.50158160641832,79.57241544784159,0.0016716088195475884,8.542727148690833,56.99634443407004,3.6269709623315354
PPO,38,0,6.410423325978811,52,29.748513893107347,48.59509649753602,0.0046429131734168575,5.318111567403692,37.01672637285763,4.318443878953573
PPO,39,0,11.927810145464509,72,41.677590916524665,67.36578265296504,0.0059534756307094506,42.23769410030634,62.606091747196984,7.947326087543839
PPO,40,0,6.39577465164694,66,42.2068514646385,61.651326382323234,0.010001931646119936,6.64569044765629,42.308359425971574,0.0
PPO,41,0,17.574440332816973,113,66.42884223384128,105.7334883157377,0.004765597887021022,11.745029322310458,89.39569812211754,18.008289815412553
PPO,42,0,19.818556656816508,110,84.62164342835597,102.90491193964004,0.006948099964334489,37.68535994764747,93.39527333871231,15.276832490962088
PPO,43,0,43.737417301455096,229,152.94057277466433,214.44632497711416,0.006517424698156695,43.533886406787595,187.14178623554258,51.07741430066617
PPO,44,0,20.284190243994985,131,93.05187236887056,122.52978661633102,0.006294392694615117,13.11511368976293,81.71260736176788,19.54259670773804
PPO,45,0,17.439561969374452,121,78.99914424133605,113.24558586777053,0.006665635365080774,22.65053909117157,93.14582114087497,12.156833909975624
PPO,46,0,8.575252025770226,67,57.238910876377645,62.640389741680195,0.00010737512412543867,6.702313392305848,51.23350377024132,0.9355569962390111
PPO,47,0,7.237786462141385,55,32.9293843694087,51.40060779274912,-2.620175922586922e-06,5.768049635834802,39.59933279939784,5.4088639888018815
PPO,48,0,4.614798293643968,36,27.293910287285627,33.66626764511322,0.0011644792136113857,3.6181891039493137,26.544645344042955,1.5833413987452243
PPO,49,0,5.93545947579374,51,31.154003849833096,47.71180721011218,0.006911743648350612,5.119489527778251,32.871036514377984,3.191515643737442
PPO,50,0,32.69192026702441,181,134.9290026418326,169.33618384897403,0.004196841591503921,27.313253121247712,148.4442105413181,32.23078009221696
PPO,51,0,5.805953484584304,52,34.3026734165744,48.678871124860386,0.006153595527135482,5.263240608445979,37.132452272746406,1.3535011926238216
PPO,52,0,11.221252031480978,86,46.36849668764696,80.486307347572,0.0004017972095730938,8.69510611904489,60.15652587675204,9.83172023323756
PPO,53,0,26.86623605967726,168,121.37924296164631,157.19635202249302,0.003289900128654644,16.81033426343786,122.51633099330942,24.4075694611114
PPO,54,0,5.017879634558713,62,33.24751434470674,57.911757283916984,0.0006322013096133088,6.205512285591221,32.04453287793234,0.0
PPO,55,0,17.288636316413598,116,63.14252407519398,108.58397808613847,0.0077030941597227495,12.06640159927177,83.52514108884125,18.848557082721154
PPO,56,0,9.014369071674658,66,40.808186887038026,61.75652308667263,0.00802850018704176,8.750089896338348,48.00081326901702,6.725496862735989
PPO,57,0,9.062627477891837,62,37.48597723833929,57.94915181651288,2.4474420852431124e-05,20.15746163798227,49.5595772434172,5.925350030632094
PPO,58,0,20.71071755911894,164,138.33956345374716,153.28036696306629,0.0025184619111837544,16.42670039147867,106.6879128031366,4.649014767319788
PPO,59,0,52.55803086034006,251,200.82472442542098,234.8609279023783,0.0002818726117849323,31.98440071940519,220.8920189646623,60.357590312129936
PPO,60,0,21.537470834028777,134,100.29516946610875,125.3346990571519,0.011952533881415721,23.213238653627386,98.04488981322807,17.404909289166497
PPO,61,0,8.092314556353898,66,34.732193806420305,61.816298494850166,0.005884321224994261,6.797420553044893,46.14476872397377,6.263175157825074
PPO,62,0,7.303245212871635,73,51.08864766232109,68.20029843375993,0.009726983798700364,7.301836475196939,43.20998078354789,0.0
PPO,63,0,128.8138206567962,1000,440.79259261473294,936.9746851553998,0.015726486177717,119.01909979828503,726.0794047716604,129.312225555041
PPO,64,0,4.948236977490958,46,33.77898633805201,42.99731056687066,0.006548797899211316,4.617330434710778,31.18050763311569,0.0
PPO,65,0,16.511569845105445,110,61.98036719317711,102.97400358666594,0.0014466637367825668,22.771262556382144,79.22289572792828,16.029766156042136
PPO,66,0,5.823664743123971,51,34.53505458265173,47.682913866316625,0.0065216571061466645,5.133089249771546,32.58317206917404,2.0222093376716854
PPO,67,0,21.828916585540835,129,82.14796735587889,120.90252013820678,0.008173329993606204,13.324473863736172,109.41390096618743,22.833004116600875
PPO,68,0,24.546033440037874,147,103.96450482538795,137.49101513891083,0.00023386746941657935,25.619416779610255,107.17478552461475,23.378465556954684
PPO,69,0,11.648943566873172,76,38.64059767394999,71.18043416942541,0.005137250693526579,43.77591190638136,60.57434394816722,8.03609282982539
PPO,70,0,6.195001288064625,54,29.43615924431883,50.5380919807539,0.0005386633431557374,5.443332880916007,35.25597609337907,4.015503060985736
PPO,71,0,12.163719635848569,112,86.06579598744416,104.6542050171991,0.010270371874280091,11.206556530134142,70.01068422898744,0.15951898451962498
PPO,72,0,7.539992512730181,61,31.217985327187318,57.111356150745735,0.0029425270759941592,15.154947545357372,50.11607444606067,3.872184335194778
PPO,73,0,24.459064954107546,151,115.88507581572358,141.25787896888227,0.009433977729551823,15.11121936773424,112.0015518677209,20.747882637255703
PPO,74,0,12.828012841774699,92,61.44102103336172,86.0970428570896,-4.643875910462638e-07,12.933169654249355,67.01629310567759,8.803580418080232
PPO,75,0,19.42285189709656,129,83.48424626368937,120.6896439037982,3.327298652747028e-05,15.953867694461879,89.78539387667799,18.073686507196406
PPO,76,0,7.064133913894696,56,33.580890863782024,52.37766691138464,0.00031462024818624054,7.993296316178822,44.4176021978946,3.719997558849421
PPO,77,0,46.042362253614996,244,168.7967339770846,228.43435205011264,0.006847212167344365,25.329395712681325,187.1713734514443,56.03608619808286
PPO,78,0,30.795896748480516,154,114.41444635852496,144.27065545972854,0.0030600793329695146,75.2716243916243,137.90970719665864,26.91463745777667
PPO,79,0,20.20213448432402,124,89.41945943526167,116.00898618746307,0.006795158042313847,18.56503401170457,91.21394241027289,18.135722689890425
PPO,80,0,6.7453369052781875,70,47.70986061813042,65.41505005503097,0.0011049102267883524,7.04759225627822,38.6797643323039,0.0
PPO,81,0,13.35045525840119,128,102.25846181222934,119.64766956066181,0.005300069132066949,12.917507472797338,62.926609939467156,0.0
PPO,82,0,41.59900289383122,226,163.71008015234142,211.54402572427915,0.00038878613835540115,50.09041232008349,165.00519183094298,44.35271655463907
PPO,83,0,47.1943513985584,319,200.459070305553,298.77059069650466,0.0054419034188611945,44.65174112447771,220.818960438881,43.2676377877317
PPO,84,0,8.338575361851335,62,35.79399729546114,57.959558202318284,0.002044677424989994,15.950468511389797,45.04042109129844,5.559893867769141
PPO,85,0,4.630818045920748,36,28.582512571915608,33.66309014365022,-2.496093335404727e-07,3.6115482487961037,28.44608759268689,1.0165147418883287
PPO,86,0,32.69805553717402,172,124.55845019020002,161.0864463619408,0.008047209043893576,44.99527501009868,134.8870217431788,34.3829162769957
PPO,87,0,68.27152408155496,318,251.51091805743184,297.6224052808267,0.0031712733209990893,60.29528712371704,291.3387534721334,77.58657428002478
PPO,88,0,50.51587716144511,283,234.25125571594532,264.9423266218805,0.0048630314139161065,28.677050616769527,217.87022380971274,46.4443485785987
PPO,89,0,26.044449324931225,151,98.72345262323496,141.3467560100088,0.002939523753003567,16.35881070978056,123.38400537884299,28.04275919786656
PPO,90,0,13.458351369448344,85,42.32429356221992,79.59766883278522,0.0068517394698445755,52.0900907661087,65.04418858034582,10.386062967839196
PPO,91,0,15.364664987191626,128,96.14160372962854,119.79537597790407,0.00025642544048220384,12.819407314939038,89.43357006189848,3.589652744382332
PPO,92,0,24.93103063142256,168,142.96419734934545,157.1177187396616,0.012031679096900345,28.515111362588364,133.57656618366687,9.851843098271104
PPO,93,0,9.143344109084836,66,41.64331196874408,61.74867961757001,0.0001676292989709328,13.69747135942556,47.82442548425285,6.210796738096627
PPO,94,0,9.795785622888879,70,50.86403135350016,65.51892447660884,0.0008518236525750158,7.084248591460239,51.59954073195857,6.005892746997621
PPO,95,0,8.933553265196476,65,34.85569762932953,60.797041652854354,0.006106638632901946,14.896162189767878,53.010786998175405,6.511504731454693
PPO,96,0,27.116614758713503,149,102.52995881416803,139.516020132424,0.002205910094020473,25.966996651515892,128.75292744588214,27.937121676194117
PPO,97,0,8.929467390200953,88,62.118680510619605,82.25286502881696,0.009723768489063816,8.889373389693166,53.475640123713,0.0
PPO,98,0,16.738421050917786,108,51.50488775108742,101.08943145552847,0.00040348051627997375,29.427853610096317,81.17895346338393,18.2557804228924
PPO,99,0,12.479429271881909,93,65.56615774245115,87.05434124340549,0.0020157188872878006,16.04204937932664,67.61822628776959,6.173994546693972
PPO,100,0,10.24572103867214,93,73.33294685024256,86.89795519590184,0.0004691955498422334,10.098242903559166,57.77226432227678,0.002030336476345762
PPO,101,0,12.747178340702682,80,51.557064634234216,74.92275754426466,0.00530534408595258,10.415860185936744,68.67484948405105,11.319565979628484
PPO,102,0,15.629954495156882,96,59.24312700231615,89.82761233775521,0.008334665870168555,16.227280856557773,77.7364780347994,15.387335276208622
PPO,103,0,56.88942130569238,272,231.05195275548482,254.55907646503402,9.52406755293522e-05,57.47560836904704,223.06957296862313,60.68134445958144
PPO,104,0,12.886987625061474,90,49.91107654522735,84.32820463040954,0.0022399530664543926,9.19811716437559,67.27050076413104,12.531856588338727
PPO,105,0,14.557083357279696,132,100.84489743248514,123.43924226368495,2.944010782075006e-05,13.241729855543763,85.62728161624706,0.5236348460346764
PPO,106,0,25.45463600132171,146,97.8169974565815,136.6802973577809,0.002396944709740098,21.80011462655554,113.7632207287846,27.197658074806064
PPO,107,0,8.625531275301295,66,51.31607876142744,61.677717012502114,0.0031884418070796394,6.6817435223503825,49.59520298724661,2.9035163930155448
PPO,108,0,22.679702790793616,137,97.91172142958175,128.20121865582684,0.000378251312125629,28.874130184170774,99.01204763563808,20.35734532207893
PPO,109,0,7.321534469744345,61,34.17965700465451,57.10003825523418,0.0018806827248814555,6.143824070284203,45.31335235981792,4.425035586541277
PPO,110,0,24.655886392931397,145,109.91191943067345,135.64974607138694,0.0010335604265019707,34.157939165336664,108.10780654180566,20.749815742172018
PPO,111,0,34.10835054028868,185,131.90415306313272,173.15915891533476,0.0004159857798157882,18.587915965606292,149.87347955617943,38.11088076856169
PPO,112,0,7.977212924827164,80,58.01085101800201,74.81012228569897,0.007114418219755253,8.132665400809259,42.85601193675728,0.0
PPO,113,0,22.934774455383927,140,96.05357300983444,131.1244214054953,-2.3084297861948164e-06,44.06344559509504,116.17988344602736,16.93939410992366
PPO,114,0,27.943741685552126,156,109.95176722817844,146.02852833231495,0.0024518198964650216,39.274987505922134,121.10813992443171,27.51602951461581
PPO,115,0,15.840469128279066,291,99.57298207885981,272.4861660948436,0.000534257204432246,29.10082805514312,101.34957530272432,0.0
PPO,116,0,40.43084373280817,227,187.362670829472,212.41638844752762,3.340429435189793e-05,47.39359382581324,167.23377495208092,34.76163619179036
PPO,117,0,17.422598629636298,117,82.37829109416029,109.55723617230467,0.008742592561677769,22.24706481621976,85.96299737129182,12.265689771451328
PPO,118,0,30.663430108246153,154,119.10402330686406,144.10916199732617,0.007362371765103262,63.92675163253178,125.03288348157456,28.76547903961705
PPO,119,0,39.33018557885151,213,125.61697503599919,199.52597703716614,0.006156541298352678,48.69509884227861,196.81599116244828,43.683431452715006
PPO,120,0,18.72970810720682,151,95.95411277930083,141.33176482798066,0.002002501176529617,15.108196210224337,95.72698899754104,12.020547373449515
PPO,121,0,3.330125470315392,29,22.64263444319277,27.122406978193407,0.0005127260640330645,2.9276942895670475,20.943236563319132,0.05579338417722379
PPO,122,0,31.643764598187527,161,117.80684766529373,150.82593483721922,3.893430971907961e-05,52.06625805022711,141.35060214436302,31.251895948696248
PPO,123,0,23.93277350264243,153,78.16430193696233,143.37508422174986,6.904024754415319e-05,37.326053840024635,122.87170030949092,24.56961208344331
PPO,124,0,13.600011631344117,94,71.71016180337716,87.96306271582108,0.00212260538052887,9.433015693788503,68.46932884302849,8.554802835900519
PPO,125,0,13.149005716310796,92,50.85187171413303,86.12152385023424,0.0010390300670833402,14.952307314874322,69.8557486752144,11.857606159367485
PPO,126,0,33.53701335310182,209,166.9208640603299,195.58780197048196,0.003788980237479238,62.074625662194755,149.19312719519428,21.01210803396464
PPO,127,0,22.12594212185589,136,94.90502285661346,127.39758156287708,0.002154639824465196,72.13849743823211,98.17357858784145,13.500230621855192
PPO,128,0,41.7665988994162,235,176.7189862420212,219.9905650142299,0.006631792471075025,43.11778669347373,178.66552361300805,40.37516516933301
PPO,129,0,16.408422716247152,113,56.65255441491575,105.76658084817565,0.0005734833867910633,11.418940430971233,87.71813200386975,17.578676449138097
PPO,130,0,28.970563907641804,158,122.54528227725598,147.84254359196572,0.003949409784158803,36.95096498892424,114.30850404105479,28.396775779068395
PPO,131,0,24.97287740329062,499,184.36284345242896,467.2731352235145,0.00231669631142933,49.91083037533211,104.37840078936334,0.0
PPO,132,0,4.576071020243376,38,25.865007626427563,35.536363307524105,0.007287814957390213,3.815659123955747,30.070235236289985,1.3137585030423375
PPO,133,0,13.358935923458988,93,50.848095998494166,87.01001330543274,0.006333231269581163,10.60903802856298,72.30883893664627,12.725986772519631
PPO,134,0,26.591303355024603,167,89.1363594525217,156.5211743070091,0.007341758038376318,41.20248367156551,120.9408547201596,28.943477177112374
PPO,135,0,5.072881078587504,38,30.117222888848918,35.48703882779517,8.817825199543566e-05,10.342455201597353,28.930913278668044,0.8505496646163123
PPO,136,0,23.882920096311906,174,124.02974764852988,162.7916574591752,0.001351614903406727,17.52423762171216,98.16559860503169,18.569781722134948
PPO,137,0,27.561342323631965,161,109.952770258455,150.61159797326619,0.0017092945722890446,35.95875124263089,117.30464855453317,27.466491187491894
PPO,138,0,9.044855137477409,65,41.53844257611544,60.81998255180102,0.006138762816143977,13.528691069075608,44.02664246945456,6.505326404518451
PPO,139,0,21.956768758641456,169,137.02620659798603,158.04467851405036,0.0012261600201595086,16.916483517212924,118.59493336006432,6.7645413789979925
PPO,140,0,13.662761068551525,128,106.2638584995865,119.75520755522022,0.020454193709129983,12.84465496584371,61.43546101393459,0.0
PPO,141,0,13.637746188103831,88,60.98135914373979,82.3421267532266,0.0010762782630484552,17.941755335738925,68.20077123144368,10.356548082811102
PPO,142,0,9.092815960597164,96,65.71365119238953,89.70022879150682,0.005890099728293074,9.636765625139583,49.35590595935732,0.0
PPO,143,0,7.92147959864648,68,51.10239356711747,63.603392740490634,0.0027054053554514375,6.801101801434186,50.344711521985396,0.8103542842662609
PPO,144,0,20.884251595740025,156,127.12460862759151,145.78723562393122,0.0006174741910087605,15.649257844289087,107.60944065141305,8.106800949662938
PPO,145,0,17.40501862346029,123,106.35831553678655,114.91931060778336,0.0077475224833435915,12.301799284698347,92.96617898573217,6.283205287828631
PPO,146,0,8.261017029238724,65,45.92345096521931,60.72696747538344,0.0004325930439198305,6.5272635558571555,41.51910819098352,4.4820311435298565
PPO,147,0,13.176207949692168,78,52.06276775427164,73.01725140768006,0.0013785895678926135,25.477740616783322,69.65374086379718,10.13731510121396
PPO,148,0,9.735708855216712,77,53.007908780086474,72.03910611358593,0.00023250793569154761,15.742090345830743,60.499042676759814,2.758727102813692
PPO,149,0,19.063524345855477,112,68.52450757298158,104.79603717466198,0.00010061459089159911,28.520437683699587,94.7680789361365,18.541800406810943
PPO,150,0,16.814273242652533,261,122.95311209628831,244.3564554175805,0.012792876386342921,26.241110834878754,79.6056503272068,0.034555798197957066
PPO,151,0,10.736089942363344,101,73.6669046383839,94.2940954437836,0.00652751373067448,10.11928371415231,67.00721020345512,0.0
PPO,152,0,11.726551068713201,108,82.32125889633608,101.00018237577054,0.0004971057179123551,10.805601494201975,69.76735278510132,0.0
PPO,153,0,6.041658152136755,73,40.82705397497081,68.25798138779253,0.006923730660967778,7.388943781660732,36.99026870774554,0.0
PPO,154,0,15.357149583462283,100,64.29099864784699,93.55590279646411,0.0009275173115431264,10.035146913498233,77.67955652320708,14.162977713579044
PPO,155,0,16.916703070019647,110,70.70475865508095,102.8697633047828,0.006518054339334396,17.96577820855865,81.45676159924115,15.23299270618288
PPO,156,0,18.434290471501814,120,72.1357212486528,112.33973844843338,0.006594858115937008,12.499306018452723,94.81296320749358,18.049366493288844
PPO,157,0,8.725696152860351,75,53.87512236194834,70.12703793243597,0.0077357053343785846,7.545830444093398,55.16689735235451,1.5714951095762526
PPO,158,0,16.159553120964933,118,101.57986275955348,110.29353040378894,4.264421053651153e-06,11.825588683531846,80.55715217275554,5.842681718899902
PPO,159,0,98.51691543409417,431,388.17997070369654,403.4363542137447,0.0014916653057905221,113.18679071758802,360.28399645318024,110.01791163809675
PPO,160,0,9.013948164772108,67,42.44162037938445,62.65357710943757,0.008034415783783335,6.849096246297131,48.937815736499864,6.433126995185676
PPO,161,0,7.471183133695271,75,50.84521596619175,70.03772716650711,0.003969475871864007,7.509209737584019,46.91699576196541,0.0
PPO,162,0,4.937433730774943,41,31.692998986058342,38.341412586347445,0.0029032946972876363,4.130445750001905,28.496565189335552,0.9704803263336846
PPO,163,0,48.22613060581512,255,175.85092850519908,238.68626492863294,0.0009891287507996535,29.778132460462537,212.6152430145282,56.14331411278767
PPO,164,0,17.76663042126836,129,88.62945594021461,120.76476385817188,0.0017731632488942129,18.085012873437403,88.48979295870195,11.839698401095669
PPO,165,0,8.254091836618262,61,38.774909155885084,57.054588239916676,0.00022974550744938867,6.138044027791644,45.77101365616329,5.805923274083106
PPO,166,0,55.071420363540085,277,222.56301090633497,259.2385432649543,0.009920488481155277,47.98874352764092,238.2330513609791,56.94776080548624
PPO,167,0,12.468197537273513,122,94.34530621271354,114.17544934678034,0.002930913697675144,12.254323250694156,60.49848069000682,0.0
PPO,168,0,19.685601379338323,119,75.01858050826176,111.39199707396767,0.00820458186424934,16.574778575849418,94.76389164379556,20.266276056467323
PPO,169,0,55.94251463777184,274,209.10711640387285,256.56347274522784,0.003094605902343558,52.06121322170082,214.0294682914806,65.88660429627046
PPO,170,0,24.255162803064053,359,181.14009701225513,336.1291092796329,0.005717917011454409,35.91543980758183,109.9900226279491,0.0
PPO,171,0,18.864228616292447,118,72.44031372392217,110.39733877634984,8.788670751601183e-05,25.496588020967376,80.1813385766243,19.43809808362758
PPO,172,0,13.033963125238722,85,55.091467130363114,79.59742918316435,0.002291244797503278,11.894655065732197,66.69514404250216,11.274743313547797
PPO,173,0,80.04444404835601,363,303.90976958707927,339.9054301174882,0.0035993912214545617,100.76651322568632,306.4105539905509,89.22055090360183
PPO,174,0,5.85121305723527,62,39.30809946618648,57.91948697472502,0.0014112432016617792,6.250713300409903,37.32853882963172,0.0
PPO,175,0,15.1009160379883,100,63.91300987660154,93.67101709860418,0.0034945298421286365,31.309974099711788,76.78124492382062,10.594134562718143
PPO,176,0,16.37197676027225,101,71.73309136945782,94.44041440194437,0.0010526541601845768,14.80012431317247,70.55369005263458,15.423616429355679
PPO,177,0,22.215094765840405,137,84.39533601284097,128.18185984240878,0.009515703171737654,28.305311162535226,107.37997321218589,21.523450548434916
PPO,178,0,17.463313275217374,181,128.29565385312128,169.38717750091305,0.002959134715163648,18.18479749138205,90.97096879881686,0.0
PPO,179,0,9.461954084092268,72,51.014094460678734,67.38104941709726,-5.822056387307337e-07,9.209341388765928,56.578340378593865,4.00018108281208
PPO,180,0,8.968179504093875,66,38.96887853009264,61.76222754834211,0.0025764535263907468,6.778875931707333,48.953590569995654,7.239127782464704
PPO,181,0,34.82909167513993,230,200.8542134357692,215.09126772482165,0.001220661922345515,23.473406489342537,169.66019996330624,18.254529086643956
PPO,182,0,16.967263550036098,111,64.97636991763494,103.93000252182102,0.006004750576605747,33.38926322905235,83.15698784631661,14.449387323474292
PPO,183,0,9.109486282959404,70,37.39273600247515,65.53281970528005,0.007718733063798381,7.084300986160058,51.27059593960174,7.681899102722292
PPO,184,0,4.367089606656936,36,28.981586173505374,33.66446081373698,0.007489046110519212,3.6266469768876624,24.871403709773382,0.6500832502191224
PPO,185,0,6.013342289620171,46,32.734079033638196,43.04734525438368,0.00021836308067157634,12.74646453411897,37.065884907443404,1.3149122484692648
PPO,186,0,12.445594892758468,101,40.11522756516,94.41066380903435,0.0026919331743289884,10.134846109704005,77.56867800905128,12.317990475730527
PPO,187,0,37.5216428290516,192,134.00127613022318,179.79266052646045,0.006125737009078556,52.54348028649252,162.45677300982993,40.63019957272333
PPO,188,0,9.263928959383815,68,42.04647561829895,63.617322234212935,0.00029388957308464455,7.004519754338552,51.5722132698688,6.8601977015990565
PPO,189,0,10.183682248556286,82,41.762112881436494,76.7140425095924,0.00023725071800295223,8.291485132239675,60.89884141878384,8.047157544021983
PPO,190,0,11.920865210902358,132,93.40607385029236,123.40681543495066,0.0073166723191523024,13.222027958842634,50.49812912502641,0.0
PPO,191,0,34.34893026476764,179,120.33350512995227,167.66695525814987,0.007385596770144265,44.9068941894577,152.04226590401063,37.79881199197418
PPO,192,0,11.33131366493181,118,76.88819915907108,110.39724044907238,0.007784212611103215,11.823598468681984,70.57716797586,0.04487529271358426
PPO,193,0,4.960099970430375,62,33.407087262849,57.94131962863595,0.009062462498286988,6.271724607115696,30.404193567629008,0.0
PPO,194,0,33.47080650851555,172,111.16579379471695,161.2004233236105,0.001089166231219816,113.49258855317956,140.07246501235218,29.656922958205772
PPO,195,0,71.79881641279395,400,367.40470379905315,374.0667139374836,2.9479891602530017e-05,62.97471349619547,320.72988436017465,52.146669651119474
PPO,196,0,6.591065571904925,56,28.859923818811748,52.40273768657258,0.0003935576389640868,5.828535133272167,40.5621077640519,4.492938602494954
PPO,197,0,31.726642523004294,166,103.1907326653562,155.3880443955897,0.0071672562767117216,90.38285933416056,133.40957477251686,31.072771454187407
PPO,198,0,5.248624901282258,40,32.0760908684556,37.412945932484014,0.006701997946899315,4.014309681378476,30.959164007500007,1.4226019054618908
PPO,199,0,14.354474613110447,105,67.04164492169113,98.25324140699253,0.0019340135147370874,10.764535506751654,78.2131014963322,10.379665095325818
PPO,200,0,54.83331484232352,264,207.11305998425985,247.15502229389352,0.006640588097276812,80.01088427748753,206.40435704567443,60.33890897397498
PPO,201,0,6.481979242324201,54,28.49589285494132,50.53257023704865,0.006239555753798214,5.401120625455224,37.46624986021227,4.774350838786041
PPO,202,0,13.29457777286235,120,94.47395173397094,112.18651190114818,0.00012894096699355686,12.000344186999744,77.2248604242356,0.0
PPO,203,0,22.921416287492768,148,76.74193922955656,138.5493927823284,-1.248261531076719e-06,15.759549209335875,121.95441092163256,25.300309353142577
PPO,204,0,9.010388492688675,66,51.27004304458855,61.70007599215728,0.0018576795116833607,6.608933431427085,47.9260279288409,4.258302767914821
PPO,205,0,7.6491394538139605,109,44.36467241907214,102.01480504380147,0.007326991996398117,10.903230077299717,57.393971815428145,0.2332584498849536
PPO,206,0,6.12798674606791,71,41.44847796348051,66.28598097914553,6.805134350527356e-05,7.116858114462266,38.04713067510212,0.0
PPO,207,0,12.912547088686507,88,48.792570136800734,82.38227677701143,0.007882651362422258,23.171842400164024,63.611157504771185,11.435702689203474
PPO,208,0,21.007892361065036,140,60.27193993148525,131.0132272331714,0.00013368513981564182,17.481181411760975,104.53004128359599,26.48024144424258
PPO,209,0,38.42163416986816,211,137.91545741177475,197.51258490034408,0.003388463609021567,24.645958700932994,171.69948097484166,44.83882266006892
PPO,210,0,14.6018910245425,93,58.53434159229698,87.05452925556528,0.007033082494034888,29.090053312363,70.46124024637355,11.837849191624366
PPO,211,0,12.28042230128468,86,49.75245468129657,80.52938604306712,0.0023004096469520573,20.70030945929915,64.38183450099966,9.621805018811685
PPO,212,0,8.8741899110276,65,45.45269039185099,60.769742697896724,0.00691526147746463,6.581519218009896,40.915230171891885,6.422194410064299
PPO,213,0,22.636398652040263,138,86.6724329861829,129.19928797350818,0.002491263568039002,21.27366175858071,112.55878696165328,22.379666099401028
PPO,214,0,4.276828408515646,35,26.981926407981938,32.69798094799629,0.0005268158752473824,3.542550019805463,27.58623595594456,0.5691599645898769
PPO,215,0,16.233404328651087,116,78.56739921374786,108.61960318492754,0.006355848175311854,21.63504918023985,90.02507800276274,9.407882636439895
PPO,216,0,16.64346937455981,104,66.26946550124391,97.32497810625446,0.006880573959207024,27.98273823757916,77.24863742772065,14.796280705095633
PPO,217,0,119.66450899488393,997,283.9126941002598,934.0507994542684,0.0069433818204862096,112.10635823408077,642.3859711606921,158.1277344504583
PPO,218,0,17.42595299450184,112,60.21205619304319,104.80857991968708,0.0031253008215112858,11.210877731534536,95.85915963055639,18.391541729947402
PPO,219,0,25.799057540736317,139,110.38472353519333,130.06321035587408,0.0067827680568932035,20.05314622080868,116.68332819728155,24.65644372421571
PPO,220,0,8.841048848422648,71,51.05517278270573,66.39736559006674,0.007837930462765347,7.109218371441909,52.56154190001032,3.087207813435565
PPO,221,0,37.820873713556665,208,154.43686120291582,194.76027429825558,0.0006114232946986737,35.441217091879885,167.29093298756473,37.78524975443266
PPO,222,0,4.877185155576145,45,30.355935686222363,42.10977979410322,0.0008033664759065307,4.514187701648806,33.72057156048926,0.35722523301277553
PPO,223,0,9.794391150850645,85,65.28264958975986,79.47826540811994,0.006540076610311929,8.589191287156767,63.112067415553916,0.2897132202935413
PPO,224,0,23.95051310723814,146,102.02280839234315,136.5453548915941,7.018736964474553e-05,18.060900043428955,107.20923402276804,23.272935008530638
PPO,225,0,12.866963054564078,104,74.1098110560924,97.31091632542609,0.006363080678339144,10.495965079116795,68.05379433699629,5.723390674940635
PPO,226,0,17.65912045757044,112,78.47007210216115,104.77332115033309,0.00010973709588589613,34.32701633409556,84.1970215613413,12.556641087129911
PPO,227,0,13.780003293494872,90,56.805757687328324,84.24202489036838,0.007067962968774285,19.786253608487417,63.36245260843211,12.301132879455901
PPO,228,0,34.31577708034905,172,126.34529516925173,160.945210420058,0.007018365936657796,70.80140289152325,135.62763769219214,34.7689573263261
PPO,229,0,30.014824277621702,169,109.85734932892682,158.24584599474196,0.007122068096728378,48.38213214945093,129.58359923886778,30.935789090121844
PPO,230,0,14.222033233868705,90,55.97643467081643,84.30170891030534,0.0002626588045731408,12.98753793135447,74.53721470778582,13.15203901847943
PPO,231,0,92.7335239398563,428,344.7897367142386,400.77433263101267,0.0009336961108708312,69.73754266653393,384.68829325280745,107.79800135313567
PPO,232,0,10.160738986389042,104,72.22723884686769,97.25552573007697,0.0029905695188191628,10.435839046200025,57.65276954380237,0.0
PPO,233,0,11.821977293368342,84,52.32380751352167,78.6999542601235,0.001476377561180174,8.946702543965825,66.6543554414764,8.974510593119902
PPO,234,0,13.986235116255418,109,90.32711747835388,101.86235382228654,0.010176521527462196,10.902026065010336,75.06979815996228,3.543736701893265
PPO,235,0,11.874889824756428,79,54.197262815148555,73.91920127273667,0.002279874246014749,27.798670908537645,60.49632217766721,6.834511164644125
PPO,236,0,15.711132873522939,102,61.27042005471086,95.44999728757088,7.887925638841773e-05,27.221479504795834,67.81892686440871,14.935601525693697
PPO,237,0,9.28121123105847,81,66.22313831147248,75.74506705859815,0.0007986889802627957,8.206366223434781,53.543590713522555,0.0
PPO,238,0,11.795382720981834,84,49.13245161504597,78.56706969148266,0.0013247825562453664,16.279918584471172,62.8463617951083,9.273375725870544
PPO,239,0,26.3939997373912,142,104.2905113762036,132.8781939818873,0.00045663875779997114,22.9310472864,122.54852442244206,26.74719213777325
PPO,240,0,6.107387312614438,77,40.971705590602205,71.90482180787494,0.006383366397591563,7.823618385127678,37.79560814161481,0.0
PPO,241,0,21.88904024826432,159,134.54031605334902,148.56904579786413,0.009570646585999102,15.950570124889712,106.98226472913558,9.046607249078537
PPO,242,0,7.697998064697387,57,45.00001113564608,53.27376624739127,0.007260054343805154,5.716512501523716,42.03208752690103,3.1477902486042377
PPO,243,0,9.491345583138688,110,70.20926843748046,102.80015197601325,0.012107668071463788,11.05721662612331,47.42166432126814,0.0
PPO,244,0,9.850179326922307,73,37.28607958171145,68.29423149143508,0.006727568453814034,10.402023243607298,55.37485443646609,8.77422851504565
PPO,245,0,7.2905138323989735,70,51.789859635779116,65.4435333765652,0.005148221742363016,7.034620538829247,41.891640092227604,0.0
PPO,246,0,21.08062068556502,147,122.02127544652176,137.68265086497001,0.0015160936202857564,14.718236942033538,100.39664558403877,11.129257630464863
PPO,247,0,48.941075553513365,243,192.3700211096428,227.55493768705057,0.0027856003008639935,42.16783730814692,209.51004423949192,52.40822695458858
PPO,248,0,12.111467468735382,84,51.53736315568558,78.63323056178423,0.0028035589935311352,12.76298994394773,59.78008055750813,10.45609459155649
PPO,249,0,17.90605955164165,120,61.04009688685696,112.36073784051163,7.5931823186546e-05,12.033524620349437,88.14567631817107,20.52356186530516
GRPO,0,0,6.0447193794728085,55,37.02919355860287,51.43571263220701,-9.08074806777727e-07,8.685956637556902,41.851754078953846,0.1575482732495609
GRPO,1,0,23.64778135492429,125,99.92250166269078,116.8975891348368,0.006892941177290212,27.18618633140832,101.804924524779,22.426716922532655
GRPO,2,0,20.894010648305024,134,102.766401097408,125.34661315259218,0.01172983982864191,14.97014520610262,94.46884769834305,16.58520537915523
GRPO,3,0,11.760744478571494,88,72.80619512188376,82.30086043263654,0.0063731749124627856,18.942771532942153,67.45545743662184,1.8015351224455176
GRPO,4,0,14.99670318859221,151,105.62120948379066,141.25668618557708,0.011994791966333697,15.141228820749921,87.04353702646428,0.0
GRPO,5,0,10.237587373410674,66,44.62473698703794,61.753496423516246,0.006823549135422292,35.439080649562484,52.30347291380023,4.7819472044999465
GRPO,6,0,6.394863362188838,53,31.157033799620702,49.577100430738504,0.007142206681418448,5.313895056785544,38.080400475690396,3.737920310792855
GRPO,7,0,9.474844804773976,78,55.22396974198063,72.99286302553422,0.0029010785864900207,7.805404736672485,59.758383896410336,2.649000430578318
GRPO,8,0,33.93514883677739,188,148.5884031196648,175.95888320853703,0.007248015561832348,25.771332767547893,153.39923738118938,31.62663447471806
GRPO,9,0,19.199590414242994,111,77.83453118883423,103.88136903782282,5.6306119247387016e-05,49.252778195756115,91.03546823734679,14.006447116286038
GRPO,10,0,19.59399844721362,190,153.40635281325618,177.80428409898258,0.02945498770699339,19.003037096596465,85.50287687127025,0.0
GRPO,11,0,10.793561258244434,86,66.10545828676266,80.42841716198576,0.000587230718093105,11.239829274557188,59.19425208737819,3.1128177780279787
GRPO,12,0,20.36217853907728,114,82.82693887198906,106.70924729822607,0.009263767999991587,18.986100327037413,98.0663990441714,19.297466704616525
GRPO,13,0,36.00416524961382,190,138.96415235868122,177.73264115902717,0.0003011866101989462,45.955212622542724,149.96422097087222,37.741724386707894
GRPO,14,0,14.733614478108096,95,54.3208739216155,88.97224727425515,0.0025505572267632325,43.83223562503089,68.87325634413568,11.46432954404477
GRPO,15,0,17.597344087065185,240,119.1591103108197,224.56702082941135,0.04653545521363121,24.014456632569587,104.68604903891992,0.0
GRPO,16,0,17.839668678138814,119,89.5758385041443,111.31324828931056,0.00039549563255741177,19.819136495679334,89.0934364355415,11.472011628394299
GRPO,17,0,9.367195962381356,79,54.71407710046962,73.93045702285573,0.0020438104111898687,7.958282531710818,59.30891907727098,2.5275284486169824
GRPO,18,0,8.267874489678906,65,36.16595301198377,60.760778213317444,0.007079877496949129,6.508272588123635,47.29463479800375,6.27081551598921
GRPO,19,0,20.935446179475655,427,148.65039548878974,399.6708930054466,0.01724566236010214,42.78064265670048,97.64196642592755,0.0
GRPO,20,0,27.52516730984343,149,92.14836212168521,139.60717407793518,0.004774063003659245,93.97608954735895,122.30708240879818,23.079206117670573
GRPO,21,0,16.370117380266887,110,67.63788146850469,102.9324169093686,0.0064595858300431665,16.166577517163,86.26974230339874,14.060319600458762
GRPO,22,0,17.494763913089987,278,125.8257617622863,260.15784689977215,0.01905828213786173,27.83052741833687,86.48039124716843,0.0
GRPO,23,0,16.802520691487008,328,106.06736600669606,306.9640091837292,0.036080507160052754,32.839814951891256,104.39018372541778,0.0
GRPO,24,0,18.940139639314754,113,77.6705105563624,105.70756122337522,0.00797187342039712,26.0770822345758,93.4898853620703,16.26411893709278
GRPO,25,0,12.461777152178371,81,53.742737602357074,75.7620871932695,8.210192487889906e-05,17.730796638994157,60.377538438640435,10.090136105858438
GRPO,26,0,30.751820598673557,162,117.53163414722368,151.6821710665535,0.0015803382871771119,28.391001012655227,140.49552289508975,32.29704415174089
GRPO,27,0,7.754802130801879,79,57.45629416121661,73.83411088576538,0.007285970866306966,7.921786497934331,39.668745250547545,0.0
GRPO,28,0,5.05783477712746,57,35.37847703687752,53.27497141830099,0.0014916941645659976,5.709421527643474,29.260538619703997,0.0
GRPO,29,0,11.16107578563245,87,69.28171840710209,81.36538095511422,0.00010516014658393176,8.73771842039578,60.807288600642934,3.443899157112443
GRPO,30,0,5.855148874651881,64,41.83093295051776,59.808632465866324,0.0073388577202322695,6.424559494366487,32.43052939894944,0.0
GRPO,31,0,12.823609030033007,89,61.026135766119886,83.21325004531575,0.00017270501730578774,17.88192551373568,58.540055825690786,9.42751775165285
GRPO,32,0,10.191242969771624,79,51.50826054195851,73.87689063895077,0.00046896652579682033,7.939472237015446,48.63282794687885,7.282332259485371
GRPO,33,0,16.636485956703858,274,116.14750861445184,256.47500605699,0.002100493885296901,27.414474602993874,87.96105144363365,0.0
GRPO,34,0,16.566108293256672,109,67.58851067786905,102.05153669349153,2.5570526303103764e-05,23.45908430909392,77.55396991902123,14.831403279921478
GRPO,35,0,27.424721336900372,153,120.91975438138867,143.1303595516745,0.009100452380091486,44.5415427053901,124.57654110444187,21.870968719247642
GRPO,36,0,11.329926283555247,85,52.66986498152118,79.47131801883137,0.005861879880505885,9.040800972022147,54.103321047541414,9.27717987884254
GRPO,37,0,10.457143682704716,90,69.80185367016095,84.19789620037753,0.001914209779718197,9.042729485423008,62.861643509170776,0.9525336077721833
GRPO,38,0,13.370420566672095,125,88.35813961429479,116.98615393788903,0.011661936115017311,12.618364253790272,77.61594072428198,1.6750518783072184
GRPO,39,0,19.389638462988472,132,88.50286524115255,123.69322308887119,0.006390531626736484,13.278058902370997,103.86039729066056,14.963050650915136
GRPO,40,0,64.09210133357354,306,253.502321948743,286.55863887318293,0.01312993744365011,55.52478740411603,261.417480927962,70.00343579226762
GRPO,41,0,21.829533356819525,127,85.26378577472192,118.94526824449387,0.006319988188929327,21.225194633375573,103.38207925531212,21.742202217121594
GRPO,42,0,10.588566573360572,98,70.17598168425917,91.69459761256532,0.008366565111430854,9.834857369899037,70.05839427998862,0.07186661439573072
GRPO,43,0,8.020114110726816,92,51.013359283393434,86.0757600510345,0.0071764842850636544,9.20277437750518,54.048300582997456,0.23731028625915151
GRPO,44,0,10.39369968897527,74,43.82596970139521,69.24421849952346,0.0053760100039334634,42.162693502588915,63.93681891473435,2.820205790621431
GRPO,45,0,75.59259510819197,367,313.3707283566976,343.56636174700304,0.010898673328663755,53.454778171540255,297.89105754157475,81.9518107494651
GRPO,46,0,25.29860095659513,165,129.53483128758975,154.4751471648268,0.00012652420275073144,16.5023137416866,124.12665664177041,17.55459824016043
GRPO,47,0,26.00882310437678,162,130.30966463267205,151.56753343816123,3.538043398158865e-07,24.320461091721235,118.86523926953826,19.02352608984064
GRPO,48,0,5.482788535410041,54,34.71600524039314,50.56922320456913,0.001311310139499509,5.418441773293858,38.95924882300835,0.03745348798055903
GRPO,49,0,23.462246509134317,139,89.79687704503075,130.113420600852,0.007833571348681146,19.028923832301285,106.92348641199341,25.013798294056862
GRPO,50,0,9.026199382732166,75,55.05481937990794,70.10954846333772,0.002796796322032349,7.5307940162362605,52.71385330956968,2.47855110436934
GRPO,51,0,14.650966026077082,110,66.47183772650875,103.0045500755369,0.006574852589615554,11.063216591829315,65.4399756006422,13.144210112032942
GRPO,52,0,11.306952108244127,105,79.72310974675635,98.24804443794588,0.0004572942039918185,10.59510719905211,66.36249292294448,0.0
GRPO,53,0,11.840322620396758,105,82.48092122015457,98.22075212093768,0.005010272667281988,10.510335443269248,68.4322189933825,0.5007079144754927
GRPO,54,0,38.537835508696084,207,152.30477499787355,193.7942844373852,0.0004253808959083571,27.705653391566894,167.58227044780412,41.47559414612177
GRPO,55,0,33.274866684328835,180,135.7207733482967,168.46709482257924,0.006262024624238616,36.79298978153815,145.79198258131728,32.69548993074962
GRPO,56,0,11.689892756049183,103,80.42796854071054,96.24720292690932,0.00922498382333302,10.327642085153865,66.76525433084518,0.9019372714892209
GRPO,57,0,7.828628987673089,70,53.82788309345442,65.4400236493677,3.930694794661869e-05,7.089104372040796,48.854442493055544,0.0035441258920545504
GRPO,58,0,14.683875628646147,89,60.98614414677088,83.27213029605468,0.001742718268995131,9.43752172527662,76.7601783670714,13.342185269259717
GRPO,59,0,11.997725965451787,82,53.38256673901028,76.66336388845174,0.0001948350677435324,17.389991662470983,65.67126257586978,8.158704049123628
GRPO,60,0,37.28662388115553,213,169.81855462079486,199.33569963636606,0.01133337068345664,30.682296280026844,149.9995996124079,35.31448949681776
GRPO,61,0,10.91758360953134,78,52.232343835936604,72.93667656432775,0.008045839902685585,7.884267160605735,55.124627611045675,8.226285654069684
GRPO,62,0,9.632272280211794,74,55.194331198893195,69.24337948991746,0.008673636935643787,7.401836528664842,49.85546519309122,4.579074601109551
GRPO,63,0,8.739771698586845,66,36.65287135218897,61.80550727053248,0.002091398132065621,9.173995715789033,52.902175223829275,6.291068915963943
GRPO,64,0,17.696653352881953,98,63.142495957760595,91.73533392314238,0.0063952254993877656,61.56820072142871,82.71550684942241,13.0608039232703
GRPO,65,0,16.19979709659964,120,84.86656713173561,112.37722743384987,0.0017989630524324874,13.36557216087426,90.41607325165373,8.756111151550806
GRPO,66,0,7.385946712293744,65,44.411880362465794,60.784925213040445,0.006730547200321572,6.533096934519212,47.83679174053202,1.4621619138380717
GRPO,67,0,6.388086722601436,54,42.12861597344368,50.510663885897856,0.006427617474878023,5.513395742291659,40.01278740954234,0.4756978014770171
GRPO,68,0,19.361667943935405,114,76.12791284108326,106.70386072963687,0.00020914222980408226,35.9654902596359,93.15343146879852,16.51631759861829
GRPO,69,0,14.759793608295782,90,66.08377910887152,84.22307141083984,0.007818817539177925,29.1306795088239,69.74837930200307,10.366733844172126
GRPO,70,0,27.66441136426272,157,105.61560948312274,146.94716642176311,0.0005591230855318709,44.88991747696175,118.13313514255006,27.51307610431215
GRPO,71,0,18.744121048004764,121,66.63608371931923,113.30015131314572,0.009162433683911994,12.113102668064284,90.36998868744544,21.07918741341449
GRPO,72,0,10.097736184341024,145,65.45820902473831,135.75434202104157,0.01469333764144982,14.604918850289147,64.72132810712783,0.0
GRPO,73,0,5.668099415368265,64,40.92413832742852,59.83815218160551,0.007879518691089583,6.411215485672149,30.356693352774958,0.0
GRPO,74,0,24.848218438058122,163,128.23287811492912,152.39025368216593,2.5499157594598627e-06,16.38452082344962,122.35921459661856,16.925933293926498
GRPO,75,0,9.886390253857668,102,78.5274451117969,95.36361098834004,0.00018268994330196455,10.270014487580605,40.62077552485207,0.0
GRPO,76,0,15.747213320425432,143,103.88466774622121,133.90028078546501,0.0002072538400327852,14.323378996972725,84.29439443381335,3.118151857502665
GRPO,77,0,16.151833040781945,99,58.354591644722476,92.72475887308389,0.006108681012095987,43.51898214573883,73.38415783163774,13.822984594396285
GRPO,78,0,75.07263385337345,335,285.42620347527935,313.68805746952165,0.004224287937128613,78.77811208476064,288.26297340861777,85.69381244551961
GRPO,79,0,23.80316873247675,137,104.61946732558187,128.2389853619248,0.006855486782984613,30.908902973283812,101.90240731655005,21.05268575326519
GRPO,80,0,14.629329854927258,95,59.51195225735956,88.90892117585585,0.00031417664225737895,18.47456360971835,75.686203316746,12.440490802074931
GRPO,81,0,67.06292333213075,351,318.7550714816759,328.2162286857259,0.004574547898865979,56.039556769813196,276.76485358902954,58.89353980378595
GRPO,82,0,13.151153276149614,91,58.538399143064666,85.08905041413429,0.0004146512614586707,9.138583721943636,60.12453577757374,12.04363351632438
GRPO,83,0,8.90721526021569,69,40.24228550066109,64.57970522094239,0.0031959016884297617,7.007109150428995,50.37997433043748,6.485351175308793
GRPO,84,0,7.395813503688432,60,35.50977280221661,56.10770643133183,0.0020916364731485733,6.003686490030127,41.18891014481268,4.897749619359955
GRPO,85,0,6.014538877752808,55,37.536967516323465,51.44229745535835,-4.189763412941612e-07,5.511631911901371,32.97420820011478,1.662991991996258
GRPO,86,0,40.00017384929007,212,165.25714154520603,198.47784040585083,0.011287670190430933,35.905648726684284,165.87024598244307,41.25678384300109
GRPO,87,0,11.735014734709553,82,46.11928066103552,76.7605052335491,0.0032564251789578423,8.291376276288291,65.825210840793,10.601427382204742
GRPO,88,0,8.162856634661123,59,45.44986657870186,55.163523707041925,0.0032484546759398505,7.537900613440588,48.78962476935573,3.132328446957268
GRPO,89,0,11.392032105919451,96,61.08278369714939,89.83490117427398,0.002237508391390864,9.63150478693278,71.51340674813402,4.621589731320463
GRPO,90,0,52.264006990439974,345,265.3381133243703,323.04612285014514,0.014435595731899264,40.991338517175905,240.3525942222741,38.14015304460301
GRPO,91,0,8.16354475910807,91,55.08996194776667,85.25377400706266,0.00035188992404173373,9.119407144911662,51.04431569919471,0.0
GRPO,92,0,40.92578503716735,201,156.6637020027625,188.0815628673369,0.003993189286315981,46.03664728757669,178.05874643227398,43.0316746666997
GRPO,93,0,11.531120927875387,86,50.95116367073658,80.43005531254957,0.00015199404316839016,16.802394034703358,59.09833720500925,8.49787969812141
GRPO,94,0,46.186623379742045,230,179.89191524529727,215.3207244744436,0.0012468800242552462,61.95589699915193,181.10597567010714,49.13187182111299
GRPO,95,0,9.056334957066374,68,42.96497273504157,63.66119235830571,0.005926267900179617,9.7688321038108,49.9477067404523,5.857010771011637
GRPO,96,0,12.521444966603198,80,55.19781904219441,74.84029147613178,0.0016276077656076182,22.85689791814926,61.464837713076605,8.976581192743117
GRPO,97,0,7.214599442527808,68,42.835293970360674,63.592107608652086,0.007608005486719154,6.889371300036888,49.782263941650406,1.0703733289609159
GRPO,98,0,12.281865919802945,84,61.093040471225976,78.5595291613457,0.000576278113600259,22.074228163385673,67.57891890977537,5.962590379088944
GRPO,99,0,17.32663945956655,107,69.62435872118276,100.22549968712495,0.0017847819725639266,27.64543991144715,89.70666663422256,14.11283086784195
GRPO,100,0,33.93021431407351,198,152.15846819063145,185.33350929451686,0.0012235452036463796,19.90691671443903,141.18867861033493,33.24608897492327
GRPO,101,0,17.75431150997027,106,71.9483186881179,99.16854973243836,0.0066628626017471455,10.655925922919886,89.53222182095314,17.17943286493884
GRPO,102,0,17.967365003278086,101,69.09065348879219,94.57229649684061,0.008800803756986872,47.07596821911531,76.47228807009668,15.193723920352026
GRPO,103,0,7.406448470918867,70,47.420117623875434,65.4371325305708,6.935522902962285e-05,7.006413976274056,50.11757738384725,0.33703445284925426
GRPO,104,0,16.995480872546025,105,65.12624704253612,98.33148012205406,0.0019554322091247423,16.225807973747827,78.21720241120946,17.646936751184416
GRPO,105,0,26.74092994497729,429,186.13324005001147,401.49370807347077,0.000402959895065235,42.941729712995155,138.61226912610144,0.711216035829822
GRPO,106,0,18.809441161823546,216,139.84448218192614,201.98369723568536,0.0035315193835811737,21.640002655450534,91.6965307227589,0.19280120494460418
GRPO,107,0,21.583482999545396,282,162.89376939571474,263.79710911187135,0.007567205427549571,28.281763986763984,98.45676732541781,0.0
GRPO,108,0,50.891431766090655,347,274.2229796819575,324.59060228396936,0.0004087982935634603,35.42450342996669,248.59184838347625,31.536866429649212
GRPO,109,0,11.894122765438665,77,44.25948194769421,72.06713651174717,0.0011502951785819179,36.45795351454373,61.60564527424725,8.139598637226916
GRPO,110,0,13.739300814454184,173,107.18381320339438,161.82242404765265,0.0014199551354708228,17.368212726748897,56.877312052124815,0.0
GRPO,111,0,27.36201731817497,148,107.86007019837785,138.51990282522033,0.00041548309472409296,18.70826868441502,121.91087004931582,29.251727394640213
GRPO,112,0,45.34361022034536,253,192.43600649541332,236.88795935602514,0.007164653895368122,71.3101867812473,199.46478018490052,39.38574192316524
GRPO,113,0,11.244128599470029,112,78.99391839355297,104.73745607192082,-7.289799435393598e-07,11.254971371982887,65.89446662947091,0.0
GRPO,114,0,6.331364556500203,78,46.23063341018204,72.85553668347363,0.004498367430143319,7.809918310170766,32.40844029437035,0.0
GRPO,115,0,18.83768469832711,280,148.60290777690594,262.04432187396117,0.0005335652388853246,28.00082806555383,70.67191569165088,0.0
GRPO,116,0,11.676758939478058,98,84.71213947802315,91.63714706627901,2.9298867242160046e-05,9.883958200606264,63.560422040202084,0.23929298815418054
GRPO,117,0,14.044591054145807,93,63.75290634284221,87.02094376637282,0.009911581739966658,16.394335153760142,67.07308786223801,11.15333457347889
GRPO,118,0,23.425871156451617,135,93.3914726211378,126.4074690958123,0.006314357283906064,22.931901448611445,102.9159942368574,23.962567966444794
GRPO,119,0,23.085975930255504,137,87.75551528275528,128.1436335248269,0.0088222865007692,16.501373857055277,107.7652903646315,24.743053909832895
GRPO,120,0,64.01794575515936,353,276.3935231173125,330.5186123526089,0.00375121118655988,67.54404854687452,263.42207230332343,61.70408856180819
GRPO,121,0,14.092328510908713,102,53.07240703989495,95.45704800472136,0.0005611230183119155,19.324076954688824,68.04821382780298,13.596710793492772
GRPO,122,0,9.568260758502115,92,66.99704428936951,85.9922652192945,0.0032519301491651556,15.108465572133927,50.997313072041,0.0
GRPO,123,0,5.681600021046117,64,34.981388055519055,59.872592407673686,0.00010895346809810762,6.450528850995305,41.746165930300904,0.0
GRPO,124,0,6.306446605303579,60,43.10980258518634,56.08661764936188,0.0032026086970777397,6.033006182952572,36.0443599835656,0.49372966366763793
GRPO,125,0,13.436787238143076,95,54.446011193987246,88.87479316081023,0.0012932535361618886,14.326113968709251,76.15152590984262,10.91672644837354
GRPO,126,0,12.169511912242731,83,46.567440056166106,77.76601713305251,0.0032194695563391973,8.95453865222288,70.1389556941099,11.002114235780263
GRPO,127,0,7.226839620631351,63,43.9034312899216,58.953858335920486,0.0009951212146590788,6.30145996006989,40.44676545695163,2.2320827056602623
GRPO,128,0,29.843421850981912,153,112.78368508687083,143.27747816952538,0.006397807687409824,41.872169168258075,137.1865595772893,29.500399426710732
GRPO,129,0,12.885599028303002,114,71.97705831397516,106.62150639427577,0.0007272447236046982,11.422292586021271,78.67960069712703,4.7134117656050805
GRPO,130,0,8.643778981725504,64,44.013023370864246,59.88303908225083,0.002416536845110433,6.52384294374156,48.38992445708841,5.082158330001661
GRPO,131,0,57.7629098700279,279,214.57197929381954,261.10272412218876,0.002323655669515974,100.73240597506424,224.14809941517066,61.26175648286927
GRPO,132,0,7.7271216728148975,59,48.373768714531195,55.13810641897904,0.009118278979619848,5.915692636803049,40.26391400392048,2.5542788721069476
GRPO,133,0,9.012695043079104,97,62.32068432695219,90.63875521979733,0.006919306808272255,9.781831645379153,53.962795337786126,0.0
GRPO,134,0,18.944126436135114,317,141.45003127589953,296.7359432641705,0.06567328758547179,31.71732397431799,81.77246671014099,0.0
GRPO,135,0,60.989929731215256,289,241.61019933601068,270.4401877408752,0.00020822050123379894,54.83074187824747,234.02871598785472,68.40482007982928
GRPO,136,0,9.425307197162244,94,65.79166144199434,87.87891038607742,0.0014218189300244774,9.524239425189043,55.93760627253937,0.0
GRPO,137,0,7.354043759760768,54,35.124810111237394,50.507886817111235,0.00045189469461830905,6.738013643763661,40.88191144032817,4.82158937655098
GRPO,138,0,15.246752673084337,190,119.83586929833484,177.72100184059767,0.03827622451548187,19.02865889463989,61.486130613368864,0.0
GRPO,139,0,13.717612818621532,111,86.13040663312896,103.8780770060766,0.0001222195527007931,11.116482377991789,75.51715396465639,3.785953734902014
GRPO,140,0,20.552802136364125,123,79.0061986140332,115.20471765175488,0.0013151706586609195,38.91767518002913,96.12033282810381,18.296140596768513
GRPO,141,0,10.640167467576372,112,73.31870780980039,104.92866880744803,0.0010063570949859673,11.219664620226228,64.12102045007411,0.019424109151636393
GRPO,142,0,13.466378488483274,89,54.59335743648098,83.29249104813448,0.0032305785954358443,30.0418334876228,64.5767536424152,10.367285271086887
GRPO,143,0,8.854109413822638,69,48.14039320053372,64.48212310990998,0.002226333973400794,14.444575173883013,50.84181790616186,3.1106419784924664
GRPO,144,0,23.90261537680768,135,91.01899271449471,126.35552842093269,0.0005140450290646242,35.406748990692414,106.12976808182529,23.742557358551547
GRPO,145,0,5.371386867738047,41,34.14835439159786,38.372166698608766,0.006315890430387953,7.281199534431382,30.14010459269766,0.8633428231464295
GRPO,146,0,65.88878614730449,325,257.44959490400913,304.33549932069656,0.00044254989571558025,75.13238858385563,249.26947597317263,73.05041876113796
GRPO,147,0,5.673792291086977,63,38.899740802815664,58.83936236650009,0.0019033366434324933,6.300040292704845,34.498486328032264,0.0
GRPO,148,0,49.65989343621104,243,205.3723183908823,227.33158406838427,0.0008414245152450323,81.23466785941488,197.39775850976847,47.18580112248346
GRPO,149,0,21.35252656911554,130,90.20579905849293,121.75301136420875,0.00016444874307633024,46.48795494374283,105.31682686169391,15.188342921086472
GRPO,150,0,18.631615253288686,116,72.20614700624944,108.63509753547373,0.007273011998430668,17.731494496112987,91.62327310711282,18.288158909863938
GRPO,151,0,6.3094249914295135,72,43.576419302661094,67.27053090607376,0.003635663210608546,7.219282053232748,37.51662732953988,0.0
GRPO,152,0,17.299452712686563,120,70.60726961155055,112.33608664865444,0.0002369618079822181,15.820639840581322,83.55861669523881,16.357323094741588
GRPO,153,0,44.46455051049293,238,176.72912209162794,222.88228697153014,0.011544859731345223,41.05097187851145,178.9732377766565,48.310694479223024
GRPO,154,0,36.80011433706755,208,142.31978893664595,194.73746871694564,0.0007962875434115436,63.40409478012636,167.09815893343404,34.15760445563495
GRPO,155,0,33.19309535372921,170,134.9458807124291,158.9421902024741,0.006685136848981573,27.990092612540497,137.11418311292988,35.199636832023
GRPO,156,0,9.134179373202365,109,62.222888881281,102.06108963689184,0.006296247959149735,10.928945751412396,55.22071550760237,0.0
GRPO,157,0,35.26859102397987,480,263.0311983342386,449.31217634472523,0.02828503463436514,48.04583162291073,164.628991065241,0.02393822011359381
GRPO,158,0,7.972531897834655,101,48.42991976860712,94.43235320491486,7.543030644291811e-05,10.125588771944404,58.1853988271275,0.07933683192587693
GRPO,159,0,25.30104937590409,156,102.16749014289074,146.0439452199215,0.0012135705659567458,22.3268037057715,105.77823572903168,26.66613299271153
GRPO,160,0,15.210035937196468,188,114.03037637679795,175.88136469089235,0.014635736136640345,18.917802926492218,71.82092826648204,0.0
GRPO,161,0,19.909189821754044,132,96.33545688568674,123.56631942740684,0.003844232792786056,13.209210064082967,93.42288723751814,15.88704088998129
GRPO,162,0,24.900810313358484,139,99.65088984854941,130.07361603032135,0.003709847610651469,16.210759671006663,114.44375772939755,25.84110550887692
GRPO,163,0,54.34470015057551,266,209.48310027871966,249.17225450961388,0.0009193190394932453,33.404945614991234,217.23275427335372,63.401820300485156
GRPO,164,0,18.469283159746652,121,62.5298320661738,113.27082755868553,0.0013779183932325493,20.351436699704998,96.80884238027653,19.309746250734463
GRPO,165,0,74.70514081545943,375,287.25054393132257,351.3633268764203,0.00032052353481134963,72.42801685624646,288.83446033914277,84.93487862121043
GRPO,166,0,5.493283023387268,39,29.970909516399026,36.478902636574176,0.006102708608954514,8.49606123418503,31.115139538651302,2.015672195571463
GRPO,167,0,7.777917503718366,68,48.233868935766836,63.647783696528045,0.0009396040506877372,6.854315225395591,49.288010028351366,1.3087687881880015
GRPO,168,0,35.37632398801022,197,161.07713858281508,184.31069179640457,0.010805365046361292,27.04795624340744,145.0756684743053,33.41405401658342
GRPO,169,0,42.75706588288181,221,158.22779205233357,206.88224565754746,0.0028064766323801687,65.11292968679605,165.10818577857626,46.955508242003425
GRPO,170,0,8.020245934726336,67,48.28780172949383,62.70125082245161,0.0032058991055369727,6.715444644700577,45.09914835298966,2.6025140388470396
GRPO,171,0,8.731530470416628,101,61.22647135593588,94.44127584791974,0.0002775603563608738,10.141548029977763,49.978425650872836,0.0
GRPO,172,0,21.3164547826492,132,95.71965383413882,123.5831945943199,0.002905351445947649,30.38703422117372,102.19728416861453,16.362002923545152
GRPO,173,0,24.86101502975638,431,181.62112020515062,403.26645592466815,0.029984776543807986,43.16954649553038,113.97822063923552,0.0
GRPO,174,0,7.130942359488808,82,49.29916005003366,76.65557788355133,0.001979670251818393,8.250740100455637,42.2041229158138,0.0
GRPO,175,0,18.769642253663687,120,70.37231933474237,112.37793054055078,0.00230188285466365,44.51634756608339,81.7302782982524,16.767314797567057
GRPO,176,0,11.60377941655558,80,55.78742401866901,74.8414275510425,0.0010358235492410753,8.009094734766203,53.85070916734837,9.400555931691699
GRPO,177,0,22.800759362713983,353,159.66165047081213,330.4021406554626,0.0618062124451743,35.34021375799677,119.64068249294557,0.24235504223497906
GRPO,178,0,30.084642123748626,184,143.20652912197403,172.21029242134284,0.0034665356916041092,32.39997448541397,134.99193495311786,23.756049708064022
GRPO,179,0,11.475664857789182,82,48.489934372256315,76.69074266391195,-1.1852566918381324e-06,8.297190517416935,62.328828593306405,9.74063281386181
GRPO,180,0,7.092096713359894,52,31.139942920051958,48.674893126945285,0.002192415407644756,14.519269535473159,41.49093797333873,3.9340719821965004
GRPO,181,0,22.70162337255754,268,172.0749251146927,250.68526321268072,0.0017347260188104751,26.8363995078107,105.46583960635736,0.0
GRPO,182,0,5.489144386982093,68,37.97732838681315,63.55247762319889,0.006261882807730742,6.825380104829211,31.938432275453536,0.0
GRPO,183,0,5.90432376747353,46,37.87510647931134,42.99027233276675,0.0059094596048557225,5.3881187309625105,36.85296201817975,0.7149459995302127
GRPO,184,0,8.325562802972554,69,58.42187040897699,64.50530107732965,0.008417642845997027,6.926798929590226,46.488126455644,0.5427879638645683
GRPO,185,0,12.683152668656106,87,53.101196284175515,81.40964742704416,0.00025467325791480336,19.2728123564352,59.535307359032714,10.782650322173895
GRPO,186,0,26.728219132950006,148,109.76349201986848,138.5058267025094,0.003608468932374289,23.27208026183237,124.6308188874972,25.881283345734946
GRPO,187,0,6.651106303346233,57,30.970870353763267,53.26863891735122,0.00756373463151261,5.727547151603259,39.1020372957898,4.3167268485187265
GRPO,188,0,10.838175268859704,83,41.33464070135104,77.71112140726741,0.00020448890711628604,16.644145831456445,55.49097942979063,9.61204133443608
GRPO,189,0,73.7369817099143,377,316.6025529242601,352.8340958008641,0.0003585285040843379,60.74096688914992,290.45571144373497,75.85162575888887
GRPO,190,0,5.646112074046398,62,39.62543249595107,57.97837545284608,0.006341099575451933,6.222026010935703,32.55115578957034,0.0
GRPO,191,0,41.88423588659721,201,160.76195090559895,188.16231818917115,0.0040271459062083,60.87379066668287,166.3916779621525,44.2079955117845
GRPO,192,0,8.199705690456401,64,51.57083339789176,59.814571498249684,0.008926739995192116,6.423596017760056,43.92383540346275,2.454653681931977
GRPO,193,0,16.94903144761916,110,75.97210459210226,102.92910191625911,0.00974854350897182,24.130509162674972,81.40657036388127,13.031702467412666
GRPO,194,0,24.151055357042335,145,107.84891386503347,135.62678642123478,0.001152658419400198,24.677193117772156,108.5407696681679,21.14797683896391
GRPO,195,0,8.512757792981064,72,44.07408757385722,67.35281686478746,8.971923799585834e-07,7.223994404796922,53.336194442495206,3.8997658697340336
GRPO,196,0,18.119548937949297,114,76.22712648364221,106.77208753371626,0.001524685053044504,23.600730054516383,91.09309100395018,14.989553099050067
GRPO,197,0,34.901067101554,177,133.4190255866169,165.61174359826765,0.008770063918017917,49.57824859554355,148.0149094233007,35.818612982097264
GRPO,198,0,37.38126507464037,226,162.18216164914,211.57056561229962,0.007353964893415823,26.513875191594774,157.2345802881982,37.17898916438264
GRPO,199,0,19.680687576940954,127,105.59448110390383,118.8412261024278,0.0018570871779358823,36.30291020408513,92.75827485616426,9.56675808857862
GRPO,200,0,7.905687825637078,62,47.48541586568538,57.99483053827411,0.00717766404950385,6.2171401905006825,42.18788747387814,2.973739212001619
GRPO,201,0,20.42141408917482,125,79.75097322685811,116.97150524034166,0.006301451865203938,36.89773248972369,95.61818175848822,18.09418739789952
GRPO,202,0,13.68734142041862,95,58.31441686917919,88.87523513405786,1.3110460335499713e-06,9.801268676086126,69.50036572032889,12.197253016682884
GRPO,203,0,10.238894535685061,77,47.64207003365456,72.0237432154547,1.4642947349713874e-06,16.666993540543587,54.48114556552921,6.3663667398911965
GRPO,204,0,6.428575015070753,68,47.322694812359,63.58240692622556,0.0019840365374281417,6.8089339071538975,33.27229165429135,0.0
GRPO,205,0,14.537691645782362,106,78.88864679738207,99.13882325886189,0.008571200643425968,10.60323005063491,70.60692950910435,8.844390712479935
GRPO,206,0,56.71858033375186,296,220.75394550449286,277.1367515019293,-2.794270624606313e-06,70.04048468742162,208.95548229426308,63.146581595383566
GRPO,207,0,10.486856621509693,79,67.58894485785629,73.86169231322393,0.006771316323096331,7.964849563687492,55.716720904059024,2.8015222452048953
GRPO,208,0,25.263849713321534,378,185.74600233304224,353.9024861632959,0.002614728407265811,37.875554121465356,118.90143900422635,0.10451839344241975
GRPO,209,0,15.345307925750818,93,65.7272965373611,87.10841188662876,0.0032503086449790558,15.963276389496352,75.02421243049214,13.255673972061011
GRPO,210,0,18.79911380419379,239,132.98096521887504,223.8387911034304,0.010903330977787772,23.946735111529918,102.97711716326656,0.0
GRPO,211,0,42.07393221055019,205,161.76715814473866,192.01118846846384,0.0020854499441174163,32.20933777694624,163.36587305036707,48.98285169087778
GRPO,212,0,14.759675011911408,174,108.86767346273578,162.8899435543698,0.008708164551380524,17.48155714435143,73.88398731810344,0.0
GRPO,213,0,9.425463617228484,79,60.26377815623313,73.90674845913301,0.00274582386918316,7.929988589100915,48.34879265926171,2.7747864150293533
GRPO,214,0,11.57041499549992,84,58.0542815370035,78.62187076476225,0.0005124855525937313,8.442819367506358,61.38723372317102,7.55579781000427
GRPO,215,0,19.48267599599622,216,154.1836630512364,201.95505158832455,0.03017036407168034,21.619207175673065,79.50810309478649,0.0
GRPO,216,0,12.05837983237095,80,58.136054982946135,74.90284994056876,0.006968562608381519,12.746059619331486,59.12150042976248,8.628616372248166
GRPO,217,0,32.717793347281926,169,131.2220582357781,158.17762926157167,0.005726356522448447,42.46558971466653,133.6720714044563,33.22339851651243
GRPO,218,0,8.814951066997565,67,48.90801253731371,62.66625116625136,0.0030485439932185733,6.710875507947597,47.6755493239663,4.3434838364084705
GRPO,219,0,25.345917428122025,334,147.66231763687608,312.6038315955347,0.006934471094773848,33.448569525942496,144.78226439924828,7.474499813084028
GRPO,220,0,9.695608265850684,72,41.518055161403794,67.39085848882156,0.005723446876177143,13.62054148329667,56.86583597223538,6.536474374839033
GRPO,221,0,7.410333700751809,72,50.99129441242934,67.34196553342932,0.000710090890292852,7.296759985022986,45.502720965640265,0.0
GRPO,222,0,15.41790511596967,93,62.38016343497363,86.97408335841936,0.001037481811236873,26.273556140333877,76.59165216802538,12.69279536442618
GRPO,223,0,23.731890808356447,175,121.68151313355591,163.6614797467763,0.0071212759075742526,31.26622618839629,114.78295794044196,14.419136857210763
GRPO,224,0,15.361245618935301,173,109.31721767214466,161.9376432966674,0.00023242363012323944,17.32244997023067,85.39165110791522,0.0
GRPO,225,0,5.370143824489502,55,36.96581835117641,51.36979154072015,0.010159462972370196,5.595838879535344,32.613033464017896,0.0
GRPO,226,0,20.574790385295053,134,81.46432617514174,125.36903099705444,9.078394804775658e-05,25.94565887984615,109.48272034649501,17.671954853544143
GRPO,227,0,14.60334047608373,115,70.56638677270814,107.60467236216225,0.007829346092980367,11.506396885841921,66.61009101660812,11.698237623271366
GRPO,228,0,19.046586169397894,346,130.30987332590541,323.88157486307165,0.02040161131562703,34.68211450820334,102.25955775217538,0.0
GRPO,229,0,19.646228400246216,114,78.59053978391374,106.71763016119304,0.007027236155979233,12.397302882908992,91.52227267199301,20.261492685689813
GRPO,230,0,13.670429230388438,92,51.44531897587046,86.05924524967753,0.00033819087902669436,12.87674320741163,71.3372478757207,13.284641101583956
GRPO,231,0,28.778484830718263,156,95.26091478507915,146.0942293052852,0.0013303009439832767,69.12385290106023,129.72097328595822,28.33102670774808
GRPO,232,0,19.33898627434583,107,75.31192764821539,100.13788787565014,0.0010128766475729863,49.20801095001711,90.58286336657423,15.1512100566945
GRPO,233,0,21.151056764309462,233,166.97148429197938,217.89097573616962,0.007992741575795237,23.353539135096256,87.31803329185921,0.0
GRPO,234,0,7.111788391158013,59,39.068037880604685,55.16614825028322,0.0046128650165986685,5.981070967952042,38.64684835352608,3.506530714283775
GRPO,235,0,12.952843009625598,144,94.4419932399032,134.7396599554792,0.00238547180457843,14.40248339055217,67.9291699994341,0.0
GRPO,236,0,8.560545283129612,64,51.04140060047435,59.84671197947745,4.428413090284492e-05,6.517817979267819,43.39915501608898,3.6888629924932763
GRPO,237,0,37.86013593486983,238,194.4714041715076,222.67511354004608,0.0010501199392301752,40.36399995047051,162.43913910834962,27.222250985044784
GRPO,238,0,29.75153787844819,171,116.32182227387895,160.08570175844832,0.0016781272012519183,25.69985987062726,129.01648592361374,31.790480491365273
GRPO,239,0,18.050109594559274,140,115.56516673111771,130.81530071860385,0.0005619959389622113,15.430183541273388,97.06026420924535,4.645600060707368
GRPO,240,0,17.44411082787443,292,134.20528669396958,273.3002884718756,0.02819804518813302,29.323279825198068,68.2087245447977,0.0
GRPO,241,0,8.442414023262065,69,54.40272207208751,64.57860009450862,0.008807959279854324,6.950560385709831,44.51986193821168,2.213141542784128
GRPO,242,0,12.156389708771608,74,53.24954387037076,69.24158991524594,0.005726595699724577,23.660543807500513,56.013249754155375,9.108338841532762
GRPO,243,0,15.64079616338738,109,69.28785383432141,102.07281443823017,0.01084010552746573,10.957216836802058,75.57227611412159,13.780664853068664
GRPO,244,0,14.729606575116636,95,60.317070691243885,88.94170663693974,0.005824335611173864,41.45460542537225,68.86959185480157,10.18430835666462
GRPO,245,0,47.76234282653379,244,204.40694010618643,228.24026938502638,0.012293462943357853,55.25026580548803,177.55455762831804,48.56442305129871
GRPO,246,0,12.535062404123567,86,51.36897967971408,80.50803787327338,0.0018238185381633841,24.447588646967315,61.75438022728012,9.762527424135781
GRPO,247,0,10.1152857062741,75,48.63565846586196,70.12348151493323,0.0029606711432723916,12.947628857045183,58.654844608275816,5.674967706792363
GRPO,248,0,12.246147549036564,89,58.213434647192315,83.31993607164979,0.002654261862164976,8.913592152864238,60.93106276740436,9.441160151511522
GRPO,249,0,24.96215877488953,551,206.64868144689834,515.7439435005783,0.005880460584439236,55.133524658736434,57.269107060281,0.0
